path	nominal_bytes	extension	file_type	flags	allocated_512b_blocks	content_sha256
/Users/kaidongwang/Desktop/tiled_414_viewer/cloud.ply	1877235	ply	regular	compressed,dataless	0	NOT_AVAILABLE_DATALESS
/Users/kaidongwang/Desktop/tiled_414_viewer/cloud_ab_B.ply	3066855	ply	regular	compressed,dataless	0	NOT_AVAILABLE_DATALESS
/Users/kaidongwang/Desktop/tiled_414_viewer/cloud_ab_Cworst.ply	3064200	ply	regular	compressed,dataless	0	NOT_AVAILABLE_DATALESS
/Users/kaidongwang/Desktop/tiled_414_viewer/cloud_batch224k.ply	3368985	ply	regular	compressed,dataless	0	NOT_AVAILABLE_DATALESS
/Users/kaidongwang/Desktop/tiled_414_viewer/cloud_c4354.ply	3065070	ply	regular	compressed,dataless	0	NOT_AVAILABLE_DATALESS
/Users/kaidongwang/Desktop/tiled_414_viewer/cloud_clean20.ply	2062890	ply	regular	compressed,dataless	0	NOT_AVAILABLE_DATALESS
/Users/kaidongwang/Desktop/tiled_414_viewer/cloud_clean25.ply	2071170	ply	regular	compressed,dataless	0	NOT_AVAILABLE_DATALESS
/Users/kaidongwang/Desktop/tiled_414_viewer/cloud_clean30.ply	2108580	ply	regular	compressed,dataless	0	NOT_AVAILABLE_DATALESS
/Users/kaidongwang/Desktop/tiled_414_viewer/cloud_dense242k.ply	3633435	ply	regular	compressed,dataless	0	NOT_AVAILABLE_DATALESS
/Users/kaidongwang/Desktop/tiled_414_viewer/cloud_ft2.ply	3025155	ply	regular	compressed,dataless	0	NOT_AVAILABLE_DATALESS
/Users/kaidongwang/Desktop/tiled_414_viewer/cloud_full_k10.ply	1646970	ply	regular	compressed,dataless	0	NOT_AVAILABLE_DATALESS
/Users/kaidongwang/Desktop/tiled_414_viewer/cloud_full_k10_mutual.ply	1094429	ply	regular	compressed,dataless	0	NOT_AVAILABLE_DATALESS
/Users/kaidongwang/Desktop/tiled_414_viewer/cloud_full_k18.ply	2027670	ply	regular	compressed,dataless	0	NOT_AVAILABLE_DATALESS
/Users/kaidongwang/Desktop/tiled_414_viewer/cloud_k10.ply	2104635	ply	regular	compressed,dataless	0	NOT_AVAILABLE_DATALESS
/Users/kaidongwang/Desktop/tiled_414_viewer/cloud_k12.ply	2114745	ply	regular	compressed,dataless	0	NOT_AVAILABLE_DATALESS
/Users/kaidongwang/Desktop/tiled_414_viewer/cloud_k12_mutual.ply	1177094	ply	regular	compressed,dataless	0	NOT_AVAILABLE_DATALESS
/Users/kaidongwang/Desktop/tiled_414_viewer/cloud_k12_near.ply	2109360	ply	regular	compressed,dataless	0	NOT_AVAILABLE_DATALESS
/Users/kaidongwang/Desktop/tiled_414_viewer/cloud_k12_w040.ply	1447394	ply	regular	compressed,dataless	0	NOT_AVAILABLE_DATALESS
/Users/kaidongwang/Desktop/tiled_414_viewer/cloud_k12_w055.ply	1322714	ply	regular	compressed,dataless	0	NOT_AVAILABLE_DATALESS
/Users/kaidongwang/Desktop/tiled_414_viewer/cloud_k20.ply	2125755	ply	regular	compressed,dataless	0	NOT_AVAILABLE_DATALESS
/Users/kaidongwang/Desktop/tiled_414_viewer/cloud_k6.ply	2058810	ply	regular	compressed,dataless	0	NOT_AVAILABLE_DATALESS
/Users/kaidongwang/Desktop/tiled_414_viewer/cloud_k8.ply	2107530	ply	regular	compressed,dataless	0	NOT_AVAILABLE_DATALESS
/Users/kaidongwang/Desktop/tiled_414_viewer/cloud_mutual.ply	1135739	ply	regular	compressed,dataless	0	NOT_AVAILABLE_DATALESS
/Users/kaidongwang/Desktop/tiled_414_viewer/cloud_phone_bedroom.ply	245869	ply	regular	compressed,dataless	0	NOT_AVAILABLE_DATALESS
/Users/kaidongwang/Desktop/tiled_414_viewer/cloud_scene_dsp.ply	3779430	ply	regular	compressed,dataless	0	NOT_AVAILABLE_DATALESS
/Users/kaidongwang/Desktop/tiled_414_viewer/cloud_wf025.ply	1449284	ply	regular	compressed,dataless	0	NOT_AVAILABLE_DATALESS
/Users/kaidongwang/Desktop/tiled_414_viewer/cloud_wf040.ply	1270934	ply	regular	compressed,dataless	0	NOT_AVAILABLE_DATALESS
/Users/kaidongwang/Desktop/tiled_414_viewer/cloud_wf055.ply	1140569	ply	regular	compressed,dataless	0	NOT_AVAILABLE_DATALESS
/Users/kaidongwang/Desktop/tiled_414_viewer/cloud_wf070.ply	1079159	ply	regular	compressed,dataless	0	NOT_AVAILABLE_DATALESS
/Users/kaidongwang/Desktop/tiled_414_viewer/cloud_wide_off.ply	2096025	ply	regular	compressed,dataless	0	NOT_AVAILABLE_DATALESS
/Users/kaidongwang/Desktop/tiled_414_viewer/cloud_wide_on.ply	999629	ply	regular	compressed,dataless	0	NOT_AVAILABLE_DATALESS
/Users/kaidongwang/Desktop/tiled_414_viewer/mvs_res15blend.ply	600179	ply	regular	compressed,dataless	0	NOT_AVAILABLE_DATALESS
/Users/kaidongwang/Desktop/tiled_414_viewer/mvs_res2blend.ply	289529	ply	regular	compressed,dataless	0	NOT_AVAILABLE_DATALESS
/Users/kaidongwang/Desktop/tiled_414_viewer/sigma_10.ply	253469	ply	regular	compressed,dataless	0	NOT_AVAILABLE_DATALESS
/Users/kaidongwang/Desktop/tiled_414_viewer/sigma_15.ply	367004	ply	regular	compressed,dataless	0	NOT_AVAILABLE_DATALESS
/Users/kaidongwang/Desktop/tiled_414_viewer/sigma_20.ply	446249	ply	regular	compressed,dataless	0	NOT_AVAILABLE_DATALESS
/Users/kaidongwang/Desktop/tiled_414_viewer/sigma_device.ply	940610	ply	regular	compressed,dataless	0	NOT_AVAILABLE_DATALESS
/Users/kaidongwang/Desktop/tiled_414_viewer/sigma_none.ply	720269	ply	regular	compressed,dataless	0	NOT_AVAILABLE_DATALESS
/Users/kaidongwang/Desktop/expF2_easy_clouds_2026_06_12/consistency/raw_vs_filtered_slab.png	117925	png	regular	compressed,dataless	0	NOT_AVAILABLE_DATALESS
/Users/kaidongwang/Desktop/expF2_easy_clouds_2026_06_12/metric_vs_window_slab.png	183858	png	regular	compressed,dataless	0	NOT_AVAILABLE_DATALESS
/Users/kaidongwang/Desktop/expF2_easy_clouds_2026_06_12/poisson/mesh_fusecut_aligned_web.ply	1299252	ply	regular	compressed,dataless	0	NOT_AVAILABLE_DATALESS
/Users/kaidongwang/Desktop/expF2_easy_clouds_2026_06_12/poisson/render_new12_a0.png	491490	png	regular	compressed,dataless	0	NOT_AVAILABLE_DATALESS
/Users/kaidongwang/Desktop/expF2_easy_clouds_2026_06_12/poisson/render_new12_a1.png	6486	png	regular	compressed,dataless	0	NOT_AVAILABLE_DATALESS
/Users/kaidongwang/Desktop/expF2_easy_clouds_2026_06_12/poisson/render_new12_a2.png	6486	png	regular	compressed,dataless	0	NOT_AVAILABLE_DATALESS
/Users/kaidongwang/Desktop/expF2_easy_clouds_2026_06_12/poisson/render_old11_a0.png	518115	png	regular	compressed,dataless	0	NOT_AVAILABLE_DATALESS
/Users/kaidongwang/Desktop/expF2_easy_clouds_2026_06_12/poisson/render_old11_a1.png	6486	png	regular	compressed,dataless	0	NOT_AVAILABLE_DATALESS
/Users/kaidongwang/Desktop/expF2_easy_clouds_2026_06_12/poisson/render_old11_a2.png	6486	png	regular	compressed,dataless	0	NOT_AVAILABLE_DATALESS
/Users/kaidongwang/Desktop/expF2_easy_clouds_2026_06_12/poisson/render_union_a0.png	585959	png	regular	compressed,dataless	0	NOT_AVAILABLE_DATALESS
/Users/kaidongwang/Desktop/expF2_easy_clouds_2026_06_12/poisson/render_union_a1.png	6486	png	regular	compressed,dataless	0	NOT_AVAILABLE_DATALESS
/Users/kaidongwang/Desktop/expF2_easy_clouds_2026_06_12/poisson/render_union_a2.png	6486	png	regular	compressed,dataless	0	NOT_AVAILABLE_DATALESS
/Users/kaidongwang/Desktop/expF2_easy_clouds_2026_06_12/poisson/sfm_colmap.ply	3627630	ply	regular	compressed,dataless	0	NOT_AVAILABLE_DATALESS
/Users/kaidongwang/Desktop/expF2_easy_clouds_2026_06_12/poisson/sfm_colmap_ba.ply	3627630	ply	regular	compressed,dataless	0	NOT_AVAILABLE_DATALESS
/Users/kaidongwang/Desktop/expF2_easy_clouds_2026_06_12/poisson/sfm_glomap_v8.ply	2389654	ply	regular	compressed,dataless	0	NOT_AVAILABLE_DATALESS
/Users/kaidongwang/Desktop/expF2_easy_clouds_2026_06_12/poisson/sfm_v8_clip.ply	2328661	ply	regular	compressed,dataless	0	NOT_AVAILABLE_DATALESS
/Users/kaidongwang/Desktop/expF2_easy_clouds_2026_06_12/poisson/sfm_v8full_clip.ply	2328661	ply	regular	compressed,dataless	0	NOT_AVAILABLE_DATALESS
/Users/kaidongwang/Desktop/expF2_easy_clouds_2026_06_12/poisson/sfm_v8opt_clip.ply	2328661	ply	regular	compressed,dataless	0	NOT_AVAILABLE_DATALESS
/Users/kaidongwang/Desktop/expF2_easy_clouds_2026_06_12/potree_lib/build/potree/LICENSE	1571	none	regular	compressed,dataless	0	NOT_AVAILABLE_DATALESS
/Users/kaidongwang/Desktop/expF2_easy_clouds_2026_06_12/potree_lib/build/potree/lazylibs/geopackage/LICENSE	1107	none	regular	compressed,dataless	0	NOT_AVAILABLE_DATALESS
/Users/kaidongwang/Desktop/expF2_easy_clouds_2026_06_12/potree_lib/build/potree/lazylibs/sql.js/AUTHORS	111	none	regular	compressed,dataless	0	NOT_AVAILABLE_DATALESS
/Users/kaidongwang/Desktop/expF2_easy_clouds_2026_06_12/potree_lib/build/potree/lazylibs/sql.js/LICENSE	2199	none	regular	compressed,dataless	0	NOT_AVAILABLE_DATALESS
/Users/kaidongwang/Desktop/expF2_easy_clouds_2026_06_12/potree_lib/build/potree/lazylibs/sql.js/sql-wasm.wasm	1450157	wasm	regular	compressed,dataless	0	NOT_AVAILABLE_DATALESS
/Users/kaidongwang/Desktop/expF2_easy_clouds_2026_06_12/potree_lib/build/potree/potree.css	12753	css	regular	compressed,dataless	0	NOT_AVAILABLE_DATALESS
/Users/kaidongwang/Desktop/expF2_easy_clouds_2026_06_12/potree_lib/build/potree/resources/LICENSE	523	none	regular	compressed,dataless	0	NOT_AVAILABLE_DATALESS
/Users/kaidongwang/Desktop/expF2_easy_clouds_2026_06_12/potree_lib/build/potree/resources/icons/add.svg	2667	svg	regular	compressed,dataless	0	NOT_AVAILABLE_DATALESS
/Users/kaidongwang/Desktop/expF2_easy_clouds_2026_06_12/potree_lib/build/potree/resources/icons/angle.png	602	png	regular	compressed,dataless	0	NOT_AVAILABLE_DATALESS
/Users/kaidongwang/Desktop/expF2_easy_clouds_2026_06_12/potree_lib/build/potree/resources/icons/annotation.svg	4818	svg	regular	compressed,dataless	0	NOT_AVAILABLE_DATALESS
/Users/kaidongwang/Desktop/expF2_easy_clouds_2026_06_12/potree_lib/build/potree/resources/icons/area.svg	3315	svg	regular	compressed,dataless	0	NOT_AVAILABLE_DATALESS
/Users/kaidongwang/Desktop/expF2_easy_clouds_2026_06_12/potree_lib/build/potree/resources/icons/area_backup.svg	4329	svg	regular	compressed,dataless	0	NOT_AVAILABLE_DATALESS
/Users/kaidongwang/Desktop/expF2_easy_clouds_2026_06_12/potree_lib/build/potree/resources/icons/arrow_ccw.svg	4838	svg	regular	compressed,dataless	0	NOT_AVAILABLE_DATALESS
/Users/kaidongwang/Desktop/expF2_easy_clouds_2026_06_12/potree_lib/build/potree/resources/icons/arrow_cw.svg	4838	svg	regular	compressed,dataless	0	NOT_AVAILABLE_DATALESS
/Users/kaidongwang/Desktop/expF2_easy_clouds_2026_06_12/potree_lib/build/potree/resources/icons/arrow_down.svg	4594	svg	regular	compressed,dataless	0	NOT_AVAILABLE_DATALESS
/Users/kaidongwang/Desktop/expF2_easy_clouds_2026_06_12/potree_lib/build/potree/resources/icons/arrow_left.svg	4587	svg	regular	compressed,dataless	0	NOT_AVAILABLE_DATALESS
/Users/kaidongwang/Desktop/expF2_easy_clouds_2026_06_12/potree_lib/build/potree/resources/icons/arrow_right.svg	4592	svg	regular	compressed,dataless	0	NOT_AVAILABLE_DATALESS
/Users/kaidongwang/Desktop/expF2_easy_clouds_2026_06_12/potree_lib/build/potree/resources/icons/arrow_up.svg	4559	svg	regular	compressed,dataless	0	NOT_AVAILABLE_DATALESS
/Users/kaidongwang/Desktop/expF2_easy_clouds_2026_06_12/potree_lib/build/potree/resources/icons/assign.svg	2671	svg	regular	compressed,dataless	0	NOT_AVAILABLE_DATALESS
/Users/kaidongwang/Desktop/expF2_easy_clouds_2026_06_12/potree_lib/build/potree/resources/icons/azimuth.svg	3500	svg	regular	compressed,dataless	0	NOT_AVAILABLE_DATALESS
/Users/kaidongwang/Desktop/expF2_easy_clouds_2026_06_12/potree_lib/build/potree/resources/icons/back.svg	4029	svg	regular	compressed,dataless	0	NOT_AVAILABLE_DATALESS
/Users/kaidongwang/Desktop/expF2_easy_clouds_2026_06_12/potree_lib/build/potree/resources/icons/bottom.svg	4643	svg	regular	compressed,dataless	0	NOT_AVAILABLE_DATALESS
/Users/kaidongwang/Desktop/expF2_easy_clouds_2026_06_12/potree_lib/build/potree/resources/icons/camera_animation.svg	9144	svg	regular	compressed,dataless	0	NOT_AVAILABLE_DATALESS
/Users/kaidongwang/Desktop/expF2_easy_clouds_2026_06_12/potree_lib/build/potree/resources/icons/circle.svg	2507	svg	regular	compressed,dataless	0	NOT_AVAILABLE_DATALESS
/Users/kaidongwang/Desktop/expF2_easy_clouds_2026_06_12/potree_lib/build/potree/resources/icons/circled_dot.svg	2677	svg	regular	compressed,dataless	0	NOT_AVAILABLE_DATALESS
/Users/kaidongwang/Desktop/expF2_easy_clouds_2026_06_12/potree_lib/build/potree/resources/icons/clip-plane-x.svg	2138	svg	regular	compressed,dataless	0	NOT_AVAILABLE_DATALESS
/Users/kaidongwang/Desktop/expF2_easy_clouds_2026_06_12/potree_lib/build/potree/resources/icons/clip-plane-y.svg	2091	svg	regular	compressed,dataless	0	NOT_AVAILABLE_DATALESS
/Users/kaidongwang/Desktop/expF2_easy_clouds_2026_06_12/potree_lib/build/potree/resources/icons/clip-plane-z.svg	2145	svg	regular	compressed,dataless	0	NOT_AVAILABLE_DATALESS
/Users/kaidongwang/Desktop/expF2_easy_clouds_2026_06_12/potree_lib/build/potree/resources/icons/clip-polygon.svg	3313	svg	regular	compressed,dataless	0	NOT_AVAILABLE_DATALESS
/Users/kaidongwang/Desktop/expF2_easy_clouds_2026_06_12/potree_lib/build/potree/resources/icons/clip-screen.svg	3075	svg	regular	compressed,dataless	0	NOT_AVAILABLE_DATALESS
/Users/kaidongwang/Desktop/expF2_easy_clouds_2026_06_12/potree_lib/build/potree/resources/icons/clip_volume.svg	4891	svg	regular	compressed,dataless	0	NOT_AVAILABLE_DATALESS
/Users/kaidongwang/Desktop/expF2_easy_clouds_2026_06_12/potree_lib/build/potree/resources/icons/close.svg	2178	svg	regular	compressed,dataless	0	NOT_AVAILABLE_DATALESS
/Users/kaidongwang/Desktop/expF2_easy_clouds_2026_06_12/potree_lib/build/potree/resources/icons/cloud.svg	2634	svg	regular	compressed,dataless	0	NOT_AVAILABLE_DATALESS
/Users/kaidongwang/Desktop/expF2_easy_clouds_2026_06_12/potree_lib/build/potree/resources/icons/copy.svg	3528	svg	regular	compressed,dataless	0	NOT_AVAILABLE_DATALESS
/Users/kaidongwang/Desktop/expF2_easy_clouds_2026_06_12/potree_lib/build/potree/resources/icons/distance.svg	2777	svg	regular	compressed,dataless	0	NOT_AVAILABLE_DATALESS
/Users/kaidongwang/Desktop/expF2_easy_clouds_2026_06_12/potree_lib/build/potree/resources/icons/earth_controls.png	1465	png	regular	compressed,dataless	0	NOT_AVAILABLE_DATALESS
/Users/kaidongwang/Desktop/expF2_easy_clouds_2026_06_12/potree_lib/build/potree/resources/icons/earth_controls.svg	6936	svg	regular	compressed,dataless	0	NOT_AVAILABLE_DATALESS
/Users/kaidongwang/Desktop/expF2_easy_clouds_2026_06_12/potree_lib/build/potree/resources/icons/earth_controls_1.png	1928	png	regular	compressed,dataless	0	NOT_AVAILABLE_DATALESS
/Users/kaidongwang/Desktop/expF2_easy_clouds_2026_06_12/potree_lib/build/potree/resources/icons/eye.svg	2665	svg	regular	compressed,dataless	0	NOT_AVAILABLE_DATALESS
/Users/kaidongwang/Desktop/expF2_easy_clouds_2026_06_12/potree_lib/build/potree/resources/icons/eye_2.png	2998	png	regular	compressed,dataless	0	NOT_AVAILABLE_DATALESS
/Users/kaidongwang/Desktop/expF2_easy_clouds_2026_06_12/potree_lib/build/potree/resources/icons/eye_2.svg	5142	svg	regular	compressed,dataless	0	NOT_AVAILABLE_DATALESS
/Users/kaidongwang/Desktop/expF2_easy_clouds_2026_06_12/potree_lib/build/potree/resources/icons/eye_crossed.svg	3448	svg	regular	compressed,dataless	0	NOT_AVAILABLE_DATALESS
/Users/kaidongwang/Desktop/expF2_easy_clouds_2026_06_12/potree_lib/build/potree/resources/icons/file_csv_2d.svg	13563	svg	regular	compressed,dataless	0	NOT_AVAILABLE_DATALESS
/Users/kaidongwang/Desktop/expF2_easy_clouds_2026_06_12/potree_lib/build/potree/resources/icons/file_dxf.svg	17847	svg	regular	compressed,dataless	0	NOT_AVAILABLE_DATALESS
/Users/kaidongwang/Desktop/expF2_easy_clouds_2026_06_12/potree_lib/build/potree/resources/icons/file_dxf_2d.svg	5043	svg	regular	compressed,dataless	0	NOT_AVAILABLE_DATALESS
/Users/kaidongwang/Desktop/expF2_easy_clouds_2026_06_12/potree_lib/build/potree/resources/icons/file_dxf_3d.svg	5558	svg	regular	compressed,dataless	0	NOT_AVAILABLE_DATALESS
/Users/kaidongwang/Desktop/expF2_easy_clouds_2026_06_12/potree_lib/build/potree/resources/icons/file_geojson.svg	20145	svg	regular	compressed,dataless	0	NOT_AVAILABLE_DATALESS
/Users/kaidongwang/Desktop/expF2_easy_clouds_2026_06_12/potree_lib/build/potree/resources/icons/file_las_3d.svg	11818	svg	regular	compressed,dataless	0	NOT_AVAILABLE_DATALESS
/Users/kaidongwang/Desktop/expF2_easy_clouds_2026_06_12/potree_lib/build/potree/resources/icons/file_potree.svg	18187	svg	regular	compressed,dataless	0	NOT_AVAILABLE_DATALESS
/Users/kaidongwang/Desktop/expF2_easy_clouds_2026_06_12/potree_lib/build/potree/resources/icons/flip_y_z.png	1026	png	regular	compressed,dataless	0	NOT_AVAILABLE_DATALESS
/Users/kaidongwang/Desktop/expF2_easy_clouds_2026_06_12/potree_lib/build/potree/resources/icons/flip_y_z.svg	4247	svg	regular	compressed,dataless	0	NOT_AVAILABLE_DATALESS
/Users/kaidongwang/Desktop/expF2_easy_clouds_2026_06_12/potree_lib/build/potree/resources/icons/focus.svg	5638	svg	regular	compressed,dataless	0	NOT_AVAILABLE_DATALESS
/Users/kaidongwang/Desktop/expF2_easy_clouds_2026_06_12/potree_lib/build/potree/resources/icons/fps_controls.png	859	png	regular	compressed,dataless	0	NOT_AVAILABLE_DATALESS
/Users/kaidongwang/Desktop/expF2_easy_clouds_2026_06_12/potree_lib/build/potree/resources/icons/fps_controls.svg	24223	svg	regular	compressed,dataless	0	NOT_AVAILABLE_DATALESS
/Users/kaidongwang/Desktop/expF2_easy_clouds_2026_06_12/potree_lib/build/potree/resources/icons/front.svg	4011	svg	regular	compressed,dataless	0	NOT_AVAILABLE_DATALESS
/Users/kaidongwang/Desktop/expF2_easy_clouds_2026_06_12/potree_lib/build/potree/resources/icons/goto.svg	5533	svg	regular	compressed,dataless	0	NOT_AVAILABLE_DATALESS
/Users/kaidongwang/Desktop/expF2_easy_clouds_2026_06_12/potree_lib/build/potree/resources/icons/gradients_grayscale.png	9240	png	regular	compressed,dataless	0	NOT_AVAILABLE_DATALESS
/Users/kaidongwang/Desktop/expF2_easy_clouds_2026_06_12/potree_lib/build/potree/resources/icons/gradients_plasma.png	14737	png	regular	compressed,dataless	0	NOT_AVAILABLE_DATALESS
/Users/kaidongwang/Desktop/expF2_easy_clouds_2026_06_12/potree_lib/build/potree/resources/icons/gradients_rainbow.png	14977	png	regular	compressed,dataless	0	NOT_AVAILABLE_DATALESS
/Users/kaidongwang/Desktop/expF2_easy_clouds_2026_06_12/potree_lib/build/potree/resources/icons/gradients_spectral.png	15594	png	regular	compressed,dataless	0	NOT_AVAILABLE_DATALESS
/Users/kaidongwang/Desktop/expF2_easy_clouds_2026_06_12/potree_lib/build/potree/resources/icons/gradients_yellow_green.png	14040	png	regular	compressed,dataless	0	NOT_AVAILABLE_DATALESS
/Users/kaidongwang/Desktop/expF2_easy_clouds_2026_06_12/potree_lib/build/potree/resources/icons/height.svg	3915	svg	regular	compressed,dataless	0	NOT_AVAILABLE_DATALESS
/Users/kaidongwang/Desktop/expF2_easy_clouds_2026_06_12/potree_lib/build/potree/resources/icons/helicopter_controls.svg	19284	svg	regular	compressed,dataless	0	NOT_AVAILABLE_DATALESS
/Users/kaidongwang/Desktop/expF2_easy_clouds_2026_06_12/potree_lib/build/potree/resources/icons/image_preview.php	385	php	regular	compressed,dataless	0	NOT_AVAILABLE_DATALESS
/Users/kaidongwang/Desktop/expF2_easy_clouds_2026_06_12/potree_lib/build/potree/resources/icons/left.svg	4258	svg	regular	compressed,dataless	0	NOT_AVAILABLE_DATALESS
/Users/kaidongwang/Desktop/expF2_easy_clouds_2026_06_12/potree_lib/build/potree/resources/icons/map_icon.png	7937	png	regular	compressed,dataless	0	NOT_AVAILABLE_DATALESS
/Users/kaidongwang/Desktop/expF2_easy_clouds_2026_06_12/potree_lib/build/potree/resources/icons/matcap/basic_1.jpg	3801	jpg	regular	compressed,dataless	0	NOT_AVAILABLE_DATALESS
/Users/kaidongwang/Desktop/expF2_easy_clouds_2026_06_12/potree_lib/build/potree/resources/icons/matcap/basic_2.jpg	4358	jpg	regular	compressed,dataless	0	NOT_AVAILABLE_DATALESS
/Users/kaidongwang/Desktop/expF2_easy_clouds_2026_06_12/potree_lib/build/potree/resources/icons/matcap/basic_dark.jpg	3402	jpg	regular	compressed,dataless	0	NOT_AVAILABLE_DATALESS
/Users/kaidongwang/Desktop/expF2_easy_clouds_2026_06_12/potree_lib/build/potree/resources/icons/matcap/basic_side.jpg	4487	jpg	regular	compressed,dataless	0	NOT_AVAILABLE_DATALESS
/Users/kaidongwang/Desktop/expF2_easy_clouds_2026_06_12/potree_lib/build/potree/resources/icons/matcap/ceramic_dark.jpg	3882	jpg	regular	compressed,dataless	0	NOT_AVAILABLE_DATALESS
/Users/kaidongwang/Desktop/expF2_easy_clouds_2026_06_12/potree_lib/build/potree/resources/icons/matcap/ceramic_lightbulb.jpg	4291	jpg	regular	compressed,dataless	0	NOT_AVAILABLE_DATALESS
/Users/kaidongwang/Desktop/expF2_easy_clouds_2026_06_12/potree_lib/build/potree/resources/icons/matcap/check_normal+y.jpg	4924	jpg	regular	compressed,dataless	0	NOT_AVAILABLE_DATALESS
/Users/kaidongwang/Desktop/expF2_easy_clouds_2026_06_12/potree_lib/build/potree/resources/icons/matcap/check_rim_dark.jpg	4397	jpg	regular	compressed,dataless	0	NOT_AVAILABLE_DATALESS
/Users/kaidongwang/Desktop/expF2_easy_clouds_2026_06_12/potree_lib/build/potree/resources/icons/matcap/check_rim_light.jpg	5340	jpg	regular	compressed,dataless	0	NOT_AVAILABLE_DATALESS
/Users/kaidongwang/Desktop/expF2_easy_clouds_2026_06_12/potree_lib/build/potree/resources/icons/matcap/clay_brown.jpg	3602	jpg	regular	compressed,dataless	0	NOT_AVAILABLE_DATALESS
/Users/kaidongwang/Desktop/expF2_easy_clouds_2026_06_12/potree_lib/build/potree/resources/icons/matcap/clay_muddy.jpg	3391	jpg	regular	compressed,dataless	0	NOT_AVAILABLE_DATALESS
/Users/kaidongwang/Desktop/expF2_easy_clouds_2026_06_12/potree_lib/build/potree/resources/icons/matcap/clay_studio.jpg	3652	jpg	regular	compressed,dataless	0	NOT_AVAILABLE_DATALESS
/Users/kaidongwang/Desktop/expF2_easy_clouds_2026_06_12/potree_lib/build/potree/resources/icons/matcap/contours_1.jpg	6018	jpg	regular	compressed,dataless	0	NOT_AVAILABLE_DATALESS
/Users/kaidongwang/Desktop/expF2_easy_clouds_2026_06_12/potree_lib/build/potree/resources/icons/matcap/contours_2.jpg	6302	jpg	regular	compressed,dataless	0	NOT_AVAILABLE_DATALESS
/Users/kaidongwang/Desktop/expF2_easy_clouds_2026_06_12/potree_lib/build/potree/resources/icons/matcap/contours_3.jpg	5284	jpg	regular	compressed,dataless	0	NOT_AVAILABLE_DATALESS
/Users/kaidongwang/Desktop/expF2_easy_clouds_2026_06_12/potree_lib/build/potree/resources/icons/matcap/jade.jpg	3381	jpg	regular	compressed,dataless	0	NOT_AVAILABLE_DATALESS
/Users/kaidongwang/Desktop/expF2_easy_clouds_2026_06_12/potree_lib/build/potree/resources/icons/matcap/matcap.jpg	4937	jpg	regular	compressed,dataless	0	NOT_AVAILABLE_DATALESS
/Users/kaidongwang/Desktop/expF2_easy_clouds_2026_06_12/potree_lib/build/potree/resources/icons/matcap/metal_anisotropic.jpg	7456	jpg	regular	compressed,dataless	0	NOT_AVAILABLE_DATALESS
/Users/kaidongwang/Desktop/expF2_easy_clouds_2026_06_12/potree_lib/build/potree/resources/icons/matcap/metal_carpaint.jpg	4637	jpg	regular	compressed,dataless	0	NOT_AVAILABLE_DATALESS
/Users/kaidongwang/Desktop/expF2_easy_clouds_2026_06_12/potree_lib/build/potree/resources/icons/matcap/metal_lead.jpg	3251	jpg	regular	compressed,dataless	0	NOT_AVAILABLE_DATALESS
/Users/kaidongwang/Desktop/expF2_easy_clouds_2026_06_12/potree_lib/build/potree/resources/icons/matcap/metal_shiny.jpg	6476	jpg	regular	compressed,dataless	0	NOT_AVAILABLE_DATALESS
/Users/kaidongwang/Desktop/expF2_easy_clouds_2026_06_12/potree_lib/build/potree/resources/icons/matcap/pearl.jpg	4929	jpg	regular	compressed,dataless	0	NOT_AVAILABLE_DATALESS
/Users/kaidongwang/Desktop/expF2_easy_clouds_2026_06_12/potree_lib/build/potree/resources/icons/matcap/reflection_check_horizontal.jpg	8593	jpg	regular	compressed,dataless	0	NOT_AVAILABLE_DATALESS
/Users/kaidongwang/Desktop/expF2_easy_clouds_2026_06_12/potree_lib/build/potree/resources/icons/matcap/reflection_check_vertical.jpg	8371	jpg	regular	compressed,dataless	0	NOT_AVAILABLE_DATALESS
/Users/kaidongwang/Desktop/expF2_easy_clouds_2026_06_12/potree_lib/build/potree/resources/icons/matcap/resin.jpg	4853	jpg	regular	compressed,dataless	0	NOT_AVAILABLE_DATALESS
/Users/kaidongwang/Desktop/expF2_easy_clouds_2026_06_12/potree_lib/build/potree/resources/icons/matcap/skin.jpg	3726	jpg	regular	compressed,dataless	0	NOT_AVAILABLE_DATALESS
/Users/kaidongwang/Desktop/expF2_easy_clouds_2026_06_12/potree_lib/build/potree/resources/icons/matcap/toon.jpg	6081	jpg	regular	compressed,dataless	0	NOT_AVAILABLE_DATALESS
/Users/kaidongwang/Desktop/expF2_easy_clouds_2026_06_12/potree_lib/build/potree/resources/icons/menu_button.svg	3910	svg	regular	compressed,dataless	0	NOT_AVAILABLE_DATALESS
/Users/kaidongwang/Desktop/expF2_easy_clouds_2026_06_12/potree_lib/build/potree/resources/icons/menu_icon.svg	2217	svg	regular	compressed,dataless	0	NOT_AVAILABLE_DATALESS
/Users/kaidongwang/Desktop/expF2_easy_clouds_2026_06_12/potree_lib/build/potree/resources/icons/navigation_cube.svg	4261	svg	regular	compressed,dataless	0	NOT_AVAILABLE_DATALESS
/Users/kaidongwang/Desktop/expF2_easy_clouds_2026_06_12/potree_lib/build/potree/resources/icons/orbit_controls.svg	14248	svg	regular	compressed,dataless	0	NOT_AVAILABLE_DATALESS
/Users/kaidongwang/Desktop/expF2_easy_clouds_2026_06_12/potree_lib/build/potree/resources/icons/orthographic-camera.svg	2292	svg	regular	compressed,dataless	0	NOT_AVAILABLE_DATALESS
/Users/kaidongwang/Desktop/expF2_easy_clouds_2026_06_12/potree_lib/build/potree/resources/icons/perspective-camera.svg	2578	svg	regular	compressed,dataless	0	NOT_AVAILABLE_DATALESS
/Users/kaidongwang/Desktop/expF2_easy_clouds_2026_06_12/potree_lib/build/potree/resources/icons/picture.svg	5261	svg	regular	compressed,dataless	0	NOT_AVAILABLE_DATALESS
/Users/kaidongwang/Desktop/expF2_easy_clouds_2026_06_12/potree_lib/build/potree/resources/icons/point.svg	2251	svg	regular	compressed,dataless	0	NOT_AVAILABLE_DATALESS
/Users/kaidongwang/Desktop/expF2_easy_clouds_2026_06_12/potree_lib/build/potree/resources/icons/profile.png	975	png	regular	compressed,dataless	0	NOT_AVAILABLE_DATALESS
/Users/kaidongwang/Desktop/expF2_easy_clouds_2026_06_12/potree_lib/build/potree/resources/icons/profile.svg	4578	svg	regular	compressed,dataless	0	NOT_AVAILABLE_DATALESS
/Users/kaidongwang/Desktop/expF2_easy_clouds_2026_06_12/potree_lib/build/potree/resources/icons/remove.svg	7250	svg	regular	compressed,dataless	0	NOT_AVAILABLE_DATALESS
/Users/kaidongwang/Desktop/expF2_easy_clouds_2026_06_12/potree_lib/build/potree/resources/icons/reset_tools.svg	7264	svg	regular	compressed,dataless	0	NOT_AVAILABLE_DATALESS
/Users/kaidongwang/Desktop/expF2_easy_clouds_2026_06_12/potree_lib/build/potree/resources/icons/return_number.svg	5783	svg	regular	compressed,dataless	0	NOT_AVAILABLE_DATALESS
/Users/kaidongwang/Desktop/expF2_easy_clouds_2026_06_12/potree_lib/build/potree/resources/icons/rgb.png	2307	png	regular	compressed,dataless	0	NOT_AVAILABLE_DATALESS
/Users/kaidongwang/Desktop/expF2_easy_clouds_2026_06_12/potree_lib/build/potree/resources/icons/rgb.svg	6311	svg	regular	compressed,dataless	0	NOT_AVAILABLE_DATALESS
/Users/kaidongwang/Desktop/expF2_easy_clouds_2026_06_12/potree_lib/build/potree/resources/icons/rgb_elevation.png	2467	png	regular	compressed,dataless	0	NOT_AVAILABLE_DATALESS
/Users/kaidongwang/Desktop/expF2_easy_clouds_2026_06_12/potree_lib/build/potree/resources/icons/right.svg	4249	svg	regular	compressed,dataless	0	NOT_AVAILABLE_DATALESS
/Users/kaidongwang/Desktop/expF2_easy_clouds_2026_06_12/potree_lib/build/potree/resources/icons/rotate.svg	4641	svg	regular	compressed,dataless	0	NOT_AVAILABLE_DATALESS
/Users/kaidongwang/Desktop/expF2_easy_clouds_2026_06_12/potree_lib/build/potree/resources/icons/scale.svg	4302	svg	regular	compressed,dataless	0	NOT_AVAILABLE_DATALESS
/Users/kaidongwang/Desktop/expF2_easy_clouds_2026_06_12/potree_lib/build/potree/resources/icons/sphere.png	939	png	regular	compressed,dataless	0	NOT_AVAILABLE_DATALESS
/Users/kaidongwang/Desktop/expF2_easy_clouds_2026_06_12/potree_lib/build/potree/resources/icons/sphere.svg	3977	svg	regular	compressed,dataless	0	NOT_AVAILABLE_DATALESS
/Users/kaidongwang/Desktop/expF2_easy_clouds_2026_06_12/potree_lib/build/potree/resources/icons/sphere_distances.svg	4677	svg	regular	compressed,dataless	0	NOT_AVAILABLE_DATALESS
/Users/kaidongwang/Desktop/expF2_easy_clouds_2026_06_12/potree_lib/build/potree/resources/icons/target.svg	4716	svg	regular	compressed,dataless	0	NOT_AVAILABLE_DATALESS
/Users/kaidongwang/Desktop/expF2_easy_clouds_2026_06_12/potree_lib/build/potree/resources/icons/top.svg	4249	svg	regular	compressed,dataless	0	NOT_AVAILABLE_DATALESS
/Users/kaidongwang/Desktop/expF2_easy_clouds_2026_06_12/potree_lib/build/potree/resources/icons/translate.svg	4382	svg	regular	compressed,dataless	0	NOT_AVAILABLE_DATALESS
/Users/kaidongwang/Desktop/expF2_easy_clouds_2026_06_12/potree_lib/build/potree/resources/icons/triangle.svg	3889	svg	regular	compressed,dataless	0	NOT_AVAILABLE_DATALESS
/Users/kaidongwang/Desktop/expF2_easy_clouds_2026_06_12/potree_lib/build/potree/resources/icons/volume.svg	5789	svg	regular	compressed,dataless	0	NOT_AVAILABLE_DATALESS
/Users/kaidongwang/Desktop/expF2_easy_clouds_2026_06_12/potree_lib/build/potree/resources/icons/vr_button.svg	3573	svg	regular	compressed,dataless	0	NOT_AVAILABLE_DATALESS
/Users/kaidongwang/Desktop/expF2_easy_clouds_2026_06_12/potree_lib/build/potree/resources/images/background.jpg	49807	jpg	regular	compressed,dataless	0	NOT_AVAILABLE_DATALESS
/Users/kaidongwang/Desktop/expF2_easy_clouds_2026_06_12/potree_lib/build/potree/resources/images/child_indices.svg	17043	svg	regular	compressed,dataless	0	NOT_AVAILABLE_DATALESS
/Users/kaidongwang/Desktop/expF2_easy_clouds_2026_06_12/potree_lib/build/potree/resources/images/compas.svg	9112	svg	regular	compressed,dataless	0	NOT_AVAILABLE_DATALESS
/Users/kaidongwang/Desktop/expF2_easy_clouds_2026_06_12/potree_lib/build/potree/resources/images/loading.jpg	3211	jpg	regular	compressed,dataless	0	NOT_AVAILABLE_DATALESS
/Users/kaidongwang/Desktop/expF2_easy_clouds_2026_06_12/potree_lib/build/potree/resources/images/vr_controller_help.jpg	89138	jpg	regular	compressed,dataless	0	NOT_AVAILABLE_DATALESS
/Users/kaidongwang/Desktop/expF2_easy_clouds_2026_06_12/potree_lib/build/potree/resources/images/vr_controller_help.svg	578730	svg	regular	compressed,dataless	0	NOT_AVAILABLE_DATALESS
/Users/kaidongwang/Desktop/expF2_easy_clouds_2026_06_12/potree_lib/build/potree/resources/logo.png	28793	png	regular	compressed,dataless	0	NOT_AVAILABLE_DATALESS
/Users/kaidongwang/Desktop/expF2_easy_clouds_2026_06_12/potree_lib/build/potree/resources/logo.svg	3440	svg	regular	compressed,dataless	0	NOT_AVAILABLE_DATALESS
/Users/kaidongwang/Desktop/expF2_easy_clouds_2026_06_12/potree_lib/build/potree/resources/logo_small.png	6718	png	regular	compressed,dataless	0	NOT_AVAILABLE_DATALESS
/Users/kaidongwang/Desktop/expF2_easy_clouds_2026_06_12/potree_lib/build/potree/resources/models/stanford_bunny_reduced.mtl	317	mtl	regular	compressed,dataless	0	NOT_AVAILABLE_DATALESS
/Users/kaidongwang/Desktop/expF2_easy_clouds_2026_06_12/potree_lib/build/potree/resources/models/stanford_bunny_reduced.obj	702625	obj	regular	compressed,dataless	0	NOT_AVAILABLE_DATALESS
/Users/kaidongwang/Desktop/expF2_easy_clouds_2026_06_12/potree_lib/build/potree/resources/models/stanford_bunny_reduced.ply	132617	ply	regular	compressed,dataless	0	NOT_AVAILABLE_DATALESS
/Users/kaidongwang/Desktop/expF2_easy_clouds_2026_06_12/potree_lib/build/potree/resources/shapefiles/south_sorvilier.dbf	20751	dbf	regular	compressed,dataless	0	NOT_AVAILABLE_DATALESS
/Users/kaidongwang/Desktop/expF2_easy_clouds_2026_06_12/potree_lib/build/potree/resources/shapefiles/south_sorvilier.shp	1556	shp	regular	compressed,dataless	0	NOT_AVAILABLE_DATALESS
/Users/kaidongwang/Desktop/expF2_easy_clouds_2026_06_12/potree_lib/build/potree/resources/textures/LICENSE	436	none	regular	compressed,dataless	0	NOT_AVAILABLE_DATALESS
/Users/kaidongwang/Desktop/expF2_easy_clouds_2026_06_12/potree_lib/build/potree/resources/textures/brick_pavement.jpg	97095	jpg	regular	compressed,dataless	0	NOT_AVAILABLE_DATALESS
/Users/kaidongwang/Desktop/expF2_easy_clouds_2026_06_12/potree_lib/build/potree/resources/textures/matcap/basic_1.jpg	12233	jpg	regular	compressed,dataless	0	NOT_AVAILABLE_DATALESS
/Users/kaidongwang/Desktop/expF2_easy_clouds_2026_06_12/potree_lib/build/potree/resources/textures/matcap/basic_2.jpg	14159	jpg	regular	compressed,dataless	0	NOT_AVAILABLE_DATALESS
/Users/kaidongwang/Desktop/expF2_easy_clouds_2026_06_12/potree_lib/build/potree/resources/textures/matcap/basic_dark.jpg	11574	jpg	regular	compressed,dataless	0	NOT_AVAILABLE_DATALESS
/Users/kaidongwang/Desktop/expF2_easy_clouds_2026_06_12/potree_lib/build/potree/resources/textures/matcap/basic_side.jpg	13452	jpg	regular	compressed,dataless	0	NOT_AVAILABLE_DATALESS
/Users/kaidongwang/Desktop/expF2_easy_clouds_2026_06_12/potree_lib/build/potree/resources/textures/matcap/blender_matcap_license.txt	192	txt	regular	compressed,dataless	0	NOT_AVAILABLE_DATALESS
/Users/kaidongwang/Desktop/expF2_easy_clouds_2026_06_12/potree_lib/build/potree/resources/textures/matcap/ceramic_dark.jpg	12223	jpg	regular	compressed,dataless	0	NOT_AVAILABLE_DATALESS
/Users/kaidongwang/Desktop/expF2_easy_clouds_2026_06_12/potree_lib/build/potree/resources/textures/matcap/ceramic_lightbulb.jpg	14086	jpg	regular	compressed,dataless	0	NOT_AVAILABLE_DATALESS
/Users/kaidongwang/Desktop/expF2_easy_clouds_2026_06_12/potree_lib/build/potree/resources/textures/matcap/check_normal+y.jpg	16916	jpg	regular	compressed,dataless	0	NOT_AVAILABLE_DATALESS
/Users/kaidongwang/Desktop/expF2_easy_clouds_2026_06_12/potree_lib/build/potree/resources/textures/matcap/check_rim_dark.jpg	15349	jpg	regular	compressed,dataless	0	NOT_AVAILABLE_DATALESS
/Users/kaidongwang/Desktop/expF2_easy_clouds_2026_06_12/potree_lib/build/potree/resources/textures/matcap/check_rim_light.jpg	18497	jpg	regular	compressed,dataless	0	NOT_AVAILABLE_DATALESS
/Users/kaidongwang/Desktop/expF2_easy_clouds_2026_06_12/potree_lib/build/potree/resources/textures/matcap/clay_brown.jpg	11703	jpg	regular	compressed,dataless	0	NOT_AVAILABLE_DATALESS
/Users/kaidongwang/Desktop/expF2_easy_clouds_2026_06_12/potree_lib/build/potree/resources/textures/matcap/clay_muddy.jpg	11030	jpg	regular	compressed,dataless	0	NOT_AVAILABLE_DATALESS
/Users/kaidongwang/Desktop/expF2_easy_clouds_2026_06_12/potree_lib/build/potree/resources/textures/matcap/clay_studio.jpg	12004	jpg	regular	compressed,dataless	0	NOT_AVAILABLE_DATALESS
/Users/kaidongwang/Desktop/expF2_easy_clouds_2026_06_12/potree_lib/build/potree/resources/textures/matcap/contours_1.jpg	8527	jpg	regular	compressed,dataless	0	NOT_AVAILABLE_DATALESS
/Users/kaidongwang/Desktop/expF2_easy_clouds_2026_06_12/potree_lib/build/potree/resources/textures/matcap/contours_2.jpg	7971	jpg	regular	compressed,dataless	0	NOT_AVAILABLE_DATALESS
/Users/kaidongwang/Desktop/expF2_easy_clouds_2026_06_12/potree_lib/build/potree/resources/textures/matcap/contours_3.jpg	14207	jpg	regular	compressed,dataless	0	NOT_AVAILABLE_DATALESS
/Users/kaidongwang/Desktop/expF2_easy_clouds_2026_06_12/potree_lib/build/potree/resources/textures/matcap/jade.jpg	11421	jpg	regular	compressed,dataless	0	NOT_AVAILABLE_DATALESS
/Users/kaidongwang/Desktop/expF2_easy_clouds_2026_06_12/potree_lib/build/potree/resources/textures/matcap/matcap.jpg	7997	jpg	regular	compressed,dataless	0	NOT_AVAILABLE_DATALESS
/Users/kaidongwang/Desktop/expF2_easy_clouds_2026_06_12/potree_lib/build/potree/resources/textures/matcap/metal_anisotropic.jpg	25282	jpg	regular	compressed,dataless	0	NOT_AVAILABLE_DATALESS
/Users/kaidongwang/Desktop/expF2_easy_clouds_2026_06_12/potree_lib/build/potree/resources/textures/matcap/metal_carpaint.jpg	14689	jpg	regular	compressed,dataless	0	NOT_AVAILABLE_DATALESS
/Users/kaidongwang/Desktop/expF2_easy_clouds_2026_06_12/potree_lib/build/potree/resources/textures/matcap/metal_lead.jpg	9877	jpg	regular	compressed,dataless	0	NOT_AVAILABLE_DATALESS
/Users/kaidongwang/Desktop/expF2_easy_clouds_2026_06_12/potree_lib/build/potree/resources/textures/matcap/metal_shiny.jpg	22652	jpg	regular	compressed,dataless	0	NOT_AVAILABLE_DATALESS
/Users/kaidongwang/Desktop/expF2_easy_clouds_2026_06_12/potree_lib/build/potree/resources/textures/matcap/pearl.jpg	15568	jpg	regular	compressed,dataless	0	NOT_AVAILABLE_DATALESS
/Users/kaidongwang/Desktop/expF2_easy_clouds_2026_06_12/potree_lib/build/potree/resources/textures/matcap/reflection_check_horizontal.jpg	43797	jpg	regular	compressed,dataless	0	NOT_AVAILABLE_DATALESS
/Users/kaidongwang/Desktop/expF2_easy_clouds_2026_06_12/potree_lib/build/potree/resources/textures/matcap/reflection_check_vertical.jpg	42714	jpg	regular	compressed,dataless	0	NOT_AVAILABLE_DATALESS
/Users/kaidongwang/Desktop/expF2_easy_clouds_2026_06_12/potree_lib/build/potree/resources/textures/matcap/resin.jpg	15634	jpg	regular	compressed,dataless	0	NOT_AVAILABLE_DATALESS
/Users/kaidongwang/Desktop/expF2_easy_clouds_2026_06_12/potree_lib/build/potree/resources/textures/matcap/skin.jpg	12473	jpg	regular	compressed,dataless	0	NOT_AVAILABLE_DATALESS
/Users/kaidongwang/Desktop/expF2_easy_clouds_2026_06_12/potree_lib/build/potree/resources/textures/matcap/toon.jpg	18205	jpg	regular	compressed,dataless	0	NOT_AVAILABLE_DATALESS
/Users/kaidongwang/Desktop/expF2_easy_clouds_2026_06_12/potree_lib/build/potree/resources/textures/navigation/B.png	1223	png	regular	compressed,dataless	0	NOT_AVAILABLE_DATALESS
/Users/kaidongwang/Desktop/expF2_easy_clouds_2026_06_12/potree_lib/build/potree/resources/textures/navigation/D.png	1068	png	regular	compressed,dataless	0	NOT_AVAILABLE_DATALESS
/Users/kaidongwang/Desktop/expF2_easy_clouds_2026_06_12/potree_lib/build/potree/resources/textures/navigation/F.png	510	png	regular	compressed,dataless	0	NOT_AVAILABLE_DATALESS
/Users/kaidongwang/Desktop/expF2_easy_clouds_2026_06_12/potree_lib/build/potree/resources/textures/navigation/L.png	421	png	regular	compressed,dataless	0	NOT_AVAILABLE_DATALESS
/Users/kaidongwang/Desktop/expF2_easy_clouds_2026_06_12/potree_lib/build/potree/resources/textures/navigation/R.png	1206	png	regular	compressed,dataless	0	NOT_AVAILABLE_DATALESS
/Users/kaidongwang/Desktop/expF2_easy_clouds_2026_06_12/potree_lib/build/potree/resources/textures/navigation/U.png	840	png	regular	compressed,dataless	0	NOT_AVAILABLE_DATALESS
/Users/kaidongwang/Desktop/expF2_easy_clouds_2026_06_12/potree_lib/build/potree/resources/textures/rectangle.png	2955	png	regular	compressed,dataless	0	NOT_AVAILABLE_DATALESS
/Users/kaidongwang/Desktop/expF2_easy_clouds_2026_06_12/potree_lib/build/potree/resources/textures/skybox/nx.jpg	37734	jpg	regular	compressed,dataless	0	NOT_AVAILABLE_DATALESS
/Users/kaidongwang/Desktop/expF2_easy_clouds_2026_06_12/potree_lib/build/potree/resources/textures/skybox/ny.jpg	6431	jpg	regular	compressed,dataless	0	NOT_AVAILABLE_DATALESS
/Users/kaidongwang/Desktop/expF2_easy_clouds_2026_06_12/potree_lib/build/potree/resources/textures/skybox/nz.jpg	41673	jpg	regular	compressed,dataless	0	NOT_AVAILABLE_DATALESS
/Users/kaidongwang/Desktop/expF2_easy_clouds_2026_06_12/potree_lib/build/potree/resources/textures/skybox/px.jpg	40406	jpg	regular	compressed,dataless	0	NOT_AVAILABLE_DATALESS
/Users/kaidongwang/Desktop/expF2_easy_clouds_2026_06_12/potree_lib/build/potree/resources/textures/skybox/py.jpg	77251	jpg	regular	compressed,dataless	0	NOT_AVAILABLE_DATALESS
/Users/kaidongwang/Desktop/expF2_easy_clouds_2026_06_12/potree_lib/build/potree/resources/textures/skybox/pz.jpg	48380	jpg	regular	compressed,dataless	0	NOT_AVAILABLE_DATALESS
/Users/kaidongwang/Desktop/expF2_easy_clouds_2026_06_12/potree_lib/build/potree/resources/textures/skybox/skyboxsun25degtest.txt	41	txt	regular	compressed,dataless	0	NOT_AVAILABLE_DATALESS
/Users/kaidongwang/Desktop/expF2_easy_clouds_2026_06_12/potree_lib/build/potree/resources/textures/skybox2/README.TXT	278	TXT	regular	compressed,dataless	0	NOT_AVAILABLE_DATALESS
/Users/kaidongwang/Desktop/expF2_easy_clouds_2026_06_12/potree_lib/build/potree/resources/textures/skybox2/nx.jpg	339776	jpg	regular	compressed,dataless	0	NOT_AVAILABLE_DATALESS
/Users/kaidongwang/Desktop/expF2_easy_clouds_2026_06_12/potree_lib/build/potree/resources/textures/skybox2/ny.jpg	6432	jpg	regular	compressed,dataless	0	NOT_AVAILABLE_DATALESS
/Users/kaidongwang/Desktop/expF2_easy_clouds_2026_06_12/potree_lib/build/potree/resources/textures/skybox2/nz.jpg	276831	jpg	regular	compressed,dataless	0	NOT_AVAILABLE_DATALESS
/Users/kaidongwang/Desktop/expF2_easy_clouds_2026_06_12/potree_lib/build/potree/resources/textures/skybox2/px.jpg	313642	jpg	regular	compressed,dataless	0	NOT_AVAILABLE_DATALESS
/Users/kaidongwang/Desktop/expF2_easy_clouds_2026_06_12/potree_lib/build/potree/resources/textures/skybox2/py.jpg	146821	jpg	regular	compressed,dataless	0	NOT_AVAILABLE_DATALESS
/Users/kaidongwang/Desktop/expF2_easy_clouds_2026_06_12/potree_lib/build/potree/resources/textures/skybox2/pz.jpg	302881	jpg	regular	compressed,dataless	0	NOT_AVAILABLE_DATALESS
/Users/kaidongwang/Desktop/expF2_easy_clouds_2026_06_12/potree_lib/build/potree/resources/textures/skyboxsun25degtest.txt	41	txt	regular	compressed,dataless	0	NOT_AVAILABLE_DATALESS
/Users/kaidongwang/Desktop/expF2_easy_clouds_2026_06_12/potree_lib/build/potree/workers/laz-perf.wasm	214568	wasm	regular	compressed,dataless	0	NOT_AVAILABLE_DATALESS
/Users/kaidongwang/Desktop/expF2_easy_clouds_2026_06_12/potree_lib/libs/d3/LICENSE	1429	none	regular	compressed,dataless	0	NOT_AVAILABLE_DATALESS
/Users/kaidongwang/Desktop/expF2_easy_clouds_2026_06_12/potree_lib/libs/jquery-ui/AUTHORS.txt	12660	txt	regular	compressed,dataless	0	NOT_AVAILABLE_DATALESS
/Users/kaidongwang/Desktop/expF2_easy_clouds_2026_06_12/potree_lib/libs/jquery-ui/LICENSE.txt	1817	txt	regular	compressed,dataless	0	NOT_AVAILABLE_DATALESS
/Users/kaidongwang/Desktop/expF2_easy_clouds_2026_06_12/potree_lib/libs/jquery-ui/images/ui-icons_444444_256x240.png	6992	png	regular	compressed,dataless	0	NOT_AVAILABLE_DATALESS
/Users/kaidongwang/Desktop/expF2_easy_clouds_2026_06_12/potree_lib/libs/jquery-ui/images/ui-icons_555555_256x240.png	6988	png	regular	compressed,dataless	0	NOT_AVAILABLE_DATALESS
/Users/kaidongwang/Desktop/expF2_easy_clouds_2026_06_12/potree_lib/libs/jquery-ui/images/ui-icons_777620_256x240.png	4549	png	regular	compressed,dataless	0	NOT_AVAILABLE_DATALESS
/Users/kaidongwang/Desktop/expF2_easy_clouds_2026_06_12/potree_lib/libs/jquery-ui/images/ui-icons_777777_256x240.png	6999	png	regular	compressed,dataless	0	NOT_AVAILABLE_DATALESS
/Users/kaidongwang/Desktop/expF2_easy_clouds_2026_06_12/potree_lib/libs/jquery-ui/images/ui-icons_cc0000_256x240.png	4549	png	regular	compressed,dataless	0	NOT_AVAILABLE_DATALESS
/Users/kaidongwang/Desktop/expF2_easy_clouds_2026_06_12/potree_lib/libs/jquery-ui/images/ui-icons_ffffff_256x240.png	6299	png	regular	compressed,dataless	0	NOT_AVAILABLE_DATALESS
/Users/kaidongwang/Desktop/expF2_easy_clouds_2026_06_12/potree_lib/libs/jquery-ui/jquery-ui.css	35997	css	regular	compressed,dataless	0	NOT_AVAILABLE_DATALESS
/Users/kaidongwang/Desktop/expF2_easy_clouds_2026_06_12/potree_lib/libs/jquery-ui/jquery-ui.min.css	30747	css	regular	compressed,dataless	0	NOT_AVAILABLE_DATALESS
/Users/kaidongwang/Desktop/expF2_easy_clouds_2026_06_12/potree_lib/libs/jquery-ui/jquery-ui.structure.css	18705	css	regular	compressed,dataless	0	NOT_AVAILABLE_DATALESS
/Users/kaidongwang/Desktop/expF2_easy_clouds_2026_06_12/potree_lib/libs/jquery-ui/jquery-ui.structure.min.css	15548	css	regular	compressed,dataless	0	NOT_AVAILABLE_DATALESS
/Users/kaidongwang/Desktop/expF2_easy_clouds_2026_06_12/potree_lib/libs/jquery-ui/jquery-ui.theme.css	17342	css	regular	compressed,dataless	0	NOT_AVAILABLE_DATALESS
/Users/kaidongwang/Desktop/expF2_easy_clouds_2026_06_12/potree_lib/libs/jquery-ui/jquery-ui.theme.min.css	13847	css	regular	compressed,dataless	0	NOT_AVAILABLE_DATALESS
/Users/kaidongwang/Desktop/expF2_easy_clouds_2026_06_12/potree_lib/libs/jstree/LICENSE-MIT	1079	none	regular	compressed,dataless	0	NOT_AVAILABLE_DATALESS
/Users/kaidongwang/Desktop/expF2_easy_clouds_2026_06_12/potree_lib/libs/jstree/themes/mixed/32px.png	1562	png	regular	compressed,dataless	0	NOT_AVAILABLE_DATALESS
/Users/kaidongwang/Desktop/expF2_easy_clouds_2026_06_12/potree_lib/libs/jstree/themes/mixed/40px.png	5717	png	regular	compressed,dataless	0	NOT_AVAILABLE_DATALESS
/Users/kaidongwang/Desktop/expF2_easy_clouds_2026_06_12/potree_lib/libs/jstree/themes/mixed/style.css	31855	css	regular	compressed,dataless	0	NOT_AVAILABLE_DATALESS
/Users/kaidongwang/Desktop/expF2_easy_clouds_2026_06_12/potree_lib/libs/jstree/themes/mixed/style.min.css	27080	css	regular	compressed,dataless	0	NOT_AVAILABLE_DATALESS
/Users/kaidongwang/Desktop/expF2_easy_clouds_2026_06_12/potree_lib/libs/jstree/themes/mixed/throbber.gif	1720	gif	regular	compressed,dataless	0	NOT_AVAILABLE_DATALESS
/Users/kaidongwang/Desktop/expF2_easy_clouds_2026_06_12/potree_lib/libs/openlayers3/LICENSE	175	none	regular	compressed,dataless	0	NOT_AVAILABLE_DATALESS
/Users/kaidongwang/Desktop/expF2_easy_clouds_2026_06_12/potree_lib/libs/openlayers3/ol.css	3645	css	regular	compressed,dataless	0	NOT_AVAILABLE_DATALESS
/Users/kaidongwang/Desktop/expF2_easy_clouds_2026_06_12/potree_lib/libs/plasio/LICENSE	1099	none	regular	compressed,dataless	0	NOT_AVAILABLE_DATALESS
/Users/kaidongwang/Desktop/expF2_easy_clouds_2026_06_12/potree_lib/libs/spectrum/LICENSE	1054	none	regular	compressed,dataless	0	NOT_AVAILABLE_DATALESS
/Users/kaidongwang/Desktop/expF2_easy_clouds_2026_06_12/potree_lib/libs/spectrum/spectrum.css	14921	css	regular	compressed,dataless	0	NOT_AVAILABLE_DATALESS
/Users/kaidongwang/Desktop/expF2_easy_clouds_2026_06_12/potree_lib/libs/tween/LICENSE.txt	1085	txt	regular	compressed,dataless	0	NOT_AVAILABLE_DATALESS
/Users/kaidongwang/Desktop/expF2_easy_clouds_2026_06_12/potree_lib/libs/tween/README.txt	824	txt	regular	compressed,dataless	0	NOT_AVAILABLE_DATALESS
/Users/kaidongwang/Desktop/expF2_easy_clouds_2026_06_12/potree_sfm/dense_v4/hierarchy.bin	297528	bin	regular	compressed,dataless	0	NOT_AVAILABLE_DATALESS
/Users/kaidongwang/Desktop/expF2_easy_clouds_2026_06_12/potree_sfm/dense_v4/log.txt	22241	txt	regular	compressed,dataless	0	NOT_AVAILABLE_DATALESS
/Users/kaidongwang/Desktop/expF2_easy_clouds_2026_06_12/potree_sfm/dense_v6/hierarchy.bin	295702	bin	regular	compressed,dataless	0	NOT_AVAILABLE_DATALESS
/Users/kaidongwang/Desktop/expF2_easy_clouds_2026_06_12/potree_sfm/dense_v6/log.txt	27682	txt	regular	compressed,dataless	0	NOT_AVAILABLE_DATALESS
/Users/kaidongwang/Desktop/expF2_easy_clouds_2026_06_12/potree_sfm/dense_v7/hierarchy.bin	294778	bin	regular	compressed,dataless	0	NOT_AVAILABLE_DATALESS
/Users/kaidongwang/Desktop/expF2_easy_clouds_2026_06_12/potree_sfm/dense_v7/log.txt	25075	txt	regular	compressed,dataless	0	NOT_AVAILABLE_DATALESS
/Users/kaidongwang/Desktop/expF2_easy_clouds_2026_06_12/potree_sfm/sfm_v4/hierarchy.bin	3212	bin	regular	compressed,dataless	0	NOT_AVAILABLE_DATALESS
/Users/kaidongwang/Desktop/expF2_easy_clouds_2026_06_12/potree_sfm/sfm_v4/log.txt	24976	txt	regular	compressed,dataless	0	NOT_AVAILABLE_DATALESS
/Users/kaidongwang/Desktop/expF2_easy_clouds_2026_06_12/potree_sfm/sfm_v6/hierarchy.bin	5500	bin	regular	compressed,dataless	0	NOT_AVAILABLE_DATALESS
/Users/kaidongwang/Desktop/expF2_easy_clouds_2026_06_12/potree_sfm/sfm_v6/log.txt	32420	txt	regular	compressed,dataless	0	NOT_AVAILABLE_DATALESS
/Users/kaidongwang/Desktop/expF2_easy_clouds_2026_06_12/potree_sfm/sfm_v7/hierarchy.bin	5192	bin	regular	compressed,dataless	0	NOT_AVAILABLE_DATALESS
/Users/kaidongwang/Desktop/expF2_easy_clouds_2026_06_12/potree_sfm/sfm_v7/log.txt	29467	txt	regular	compressed,dataless	0	NOT_AVAILABLE_DATALESS
/Users/kaidongwang/Desktop/expF2_easy_clouds_2026_06_12/scalegrid/faithful_vs_fixB_slab.png	271322	png	regular	compressed,dataless	0	NOT_AVAILABLE_DATALESS
/Users/kaidongwang/Desktop/expF2_easy_clouds_2026_06_12/scalegrid/fixB_vs_grid_slab.png	319234	png	regular	compressed,dataless	0	NOT_AVAILABLE_DATALESS
/Users/kaidongwang/Desktop/expF2_easy_clouds_2026_06_12/tsdf/consensus_tsdf_slab.png	46931	png	regular	compressed,dataless	0	NOT_AVAILABLE_DATALESS
/Users/kaidongwang/Desktop/expF2_easy_clouds_2026_06_12/tsdf/trunc_ladder_slab.png	89099	png	regular	compressed,dataless	0	NOT_AVAILABLE_DATALESS
/Users/kaidongwang/Desktop/expF2_easy_clouds_2026_06_12/tsdf/trunc_ladder_slab_small.png	118570	png	regular	compressed,dataless	0	NOT_AVAILABLE_DATALESS
/Users/kaidongwang/Desktop/expF2_easy_clouds_2026_06_12/tsdf/tsdf_filtered_vs_raw_slab.png	83720	png	regular	compressed,dataless	0	NOT_AVAILABLE_DATALESS
/Users/kaidongwang/Desktop/expF2_easy_clouds_2026_06_12/tsdf/tsdf_vs_filtered_slab.png	93356	png	regular	compressed,dataless	0	NOT_AVAILABLE_DATALESS
/Users/kaidongwang/Desktop/expF2_easy_clouds_2026_06_12/tsdf/voxel_ladder.png	85705	png	regular	compressed,dataless	0	NOT_AVAILABLE_DATALESS
/Users/kaidongwang/Desktop/expF2_easy_clouds_2026_06_12/tsdf/weighted_tsdf_slab.png	107514	png	regular	compressed,dataless	0	NOT_AVAILABLE_DATALESS
/Users/kaidongwang/Desktop/expE_fixB_2026_06_12/render_pre_vs_postB.png	1471783	png	regular	-	2880	eb5958be48fafdfab4564e4fd77d59d3cd87c14e3ba218e170889e3716f824c5
