cohort	path	nominal_bytes	file_type	continuation_pre_flags	continuation_pre_allocated_512b_blocks	post_flags	post_allocated_512b_blocks	content_sha256
ORIGINAL_294	/Users/kaidongwang/Desktop/tiled_414_viewer/cloud.ply	1877235	regular	-	3672	-	3672	a544bd9daf5d28b89dcb5f1ef3e764185519fdf2a298057eecdbb47ec9d4835d
ORIGINAL_294	/Users/kaidongwang/Desktop/tiled_414_viewer/cloud_ab_B.ply	3066855	regular	compressed,dataless	0	-	5992	86b5af682b66bebbbdadb7132fb30a3e281ffa86eca8077f8201364ea2448fda
ORIGINAL_294	/Users/kaidongwang/Desktop/tiled_414_viewer/cloud_ab_Cworst.ply	3064200	regular	compressed,dataless	0	-	5992	67d025800cd55203d75c8e61791fff6284aaf40129be9dffe68a63123325c5c5
ORIGINAL_294	/Users/kaidongwang/Desktop/tiled_414_viewer/cloud_batch224k.ply	3368985	regular	compressed,dataless	0	-	6584	149ec372fa64d56d9e09b3a452f11eb7dcff191d20fd6c9bf05a8f7b97c5d348
ORIGINAL_294	/Users/kaidongwang/Desktop/tiled_414_viewer/cloud_c4354.ply	3065070	regular	compressed,dataless	0	-	5992	d881c19d986ae709c042cf03cb2819b778dcaed6d4ce1c678b502f2a6dc27ed8
ORIGINAL_294	/Users/kaidongwang/Desktop/tiled_414_viewer/cloud_clean20.ply	2062890	regular	compressed,dataless	0	-	4032	53dc5780b6f45a6ff5ae629ee5098b2b2530653ad95e8a9f61dfbf4351834a6c
ORIGINAL_294	/Users/kaidongwang/Desktop/tiled_414_viewer/cloud_clean25.ply	2071170	regular	compressed,dataless	0	-	4048	0c7112538b41d0713b83f44f147731d09925eb943523de5d500f237071cddaf6
ORIGINAL_294	/Users/kaidongwang/Desktop/tiled_414_viewer/cloud_clean30.ply	2108580	regular	compressed,dataless	0	-	4120	e569e0de81b00396a4142533aace6d41c64411c4ee73e8966b96cc3e759602d1
ORIGINAL_294	/Users/kaidongwang/Desktop/tiled_414_viewer/cloud_dense242k.ply	3633435	regular	compressed,dataless	0	-	7104	3ae3ad9fa8003d9cb63d88127bca5d10b311636e360f2cb329c2f62c76b2027c
ORIGINAL_294	/Users/kaidongwang/Desktop/tiled_414_viewer/cloud_ft2.ply	3025155	regular	compressed,dataless	0	-	5912	7ae283637f0eab6c22daeb87262809a96def7535460b45b09a4a8ea8a3ebc35a
ORIGINAL_294	/Users/kaidongwang/Desktop/tiled_414_viewer/cloud_full_k10.ply	1646970	regular	compressed,dataless	0	-	3224	b312b9e5e6cb8e83fd37287bde1c1f8687fba4c1b65635ced506d51216bb6b4d
ORIGINAL_294	/Users/kaidongwang/Desktop/tiled_414_viewer/cloud_full_k10_mutual.ply	1094429	regular	compressed,dataless	0	-	2144	de782a89ce22360c7c6e2bf9271d3e4e1f8d73af14943657bbea5b480e305045
ORIGINAL_294	/Users/kaidongwang/Desktop/tiled_414_viewer/cloud_full_k18.ply	2027670	regular	compressed,dataless	0	-	3968	9d130dbc7f2413bd921e10943b933062d701388b40bbecb2689d82335f2b1a4a
ORIGINAL_294	/Users/kaidongwang/Desktop/tiled_414_viewer/cloud_k10.ply	2104635	regular	compressed,dataless	0	-	4112	63aaf0a97fe8998a052d62b414bbfc5c54f5b2c66e660c65001c1cb3f93a38a8
ORIGINAL_294	/Users/kaidongwang/Desktop/tiled_414_viewer/cloud_k12.ply	2114745	regular	compressed,dataless	0	-	4136	d502dffcfd58b2ca414823869dd0765a1523f762d17424ecffa5a8f05e9ba23c
ORIGINAL_294	/Users/kaidongwang/Desktop/tiled_414_viewer/cloud_k12_mutual.ply	1177094	regular	compressed,dataless	0	-	2304	10504844eb163ccff6a5ef423aad7b3cceca0ae34ca0fe9406af2312be45c3df
ORIGINAL_294	/Users/kaidongwang/Desktop/tiled_414_viewer/cloud_k12_near.ply	2109360	regular	compressed,dataless	0	-	4120	eb2a0df6f69354cfd1a5f7073de7eb214101517fda923b5918ef0df3a911fa59
ORIGINAL_294	/Users/kaidongwang/Desktop/tiled_414_viewer/cloud_k12_w040.ply	1447394	regular	compressed,dataless	0	-	2832	c257db2f4d9da2824f393c99bde0aa45aed31f3a21d1c52724262d7d2a498eb5
ORIGINAL_294	/Users/kaidongwang/Desktop/tiled_414_viewer/cloud_k12_w055.ply	1322714	regular	compressed,dataless	0	-	2584	9ac393e2e888b06384c76e20094954a649ea69a7148f6205bc56055c24692554
ORIGINAL_294	/Users/kaidongwang/Desktop/tiled_414_viewer/cloud_k20.ply	2125755	regular	compressed,dataless	0	-	4152	190c733fc0992bf1f86f285467b30afe178af4b024fa19996c9a826886ca11cf
ORIGINAL_294	/Users/kaidongwang/Desktop/tiled_414_viewer/cloud_k6.ply	2058810	regular	compressed,dataless	0	-	4024	8c2945a225235bcb069cbee7926f48d0fb875b57a11ccf5795610ca580f1bc1f
ORIGINAL_294	/Users/kaidongwang/Desktop/tiled_414_viewer/cloud_k8.ply	2107530	regular	compressed,dataless	0	-	4120	81840e9368fd71673e07fdc19eb79e64dc00da553390bbe516afafffb943168a
ORIGINAL_294	/Users/kaidongwang/Desktop/tiled_414_viewer/cloud_mutual.ply	1135739	regular	compressed,dataless	0	-	2224	b5d18880c14fb38de67f0b9c7a6d554136846298ca1a13955ac5c1526697c356
ORIGINAL_294	/Users/kaidongwang/Desktop/tiled_414_viewer/cloud_phone_bedroom.ply	245869	regular	compressed,dataless	0	-	488	14dcf899e7ab0c5b901d5c8cf59e22c40f3d57d21b9651cefb991284d37babbe
ORIGINAL_294	/Users/kaidongwang/Desktop/tiled_414_viewer/cloud_scene_dsp.ply	3779430	regular	compressed,dataless	0	-	7384	f3edd292548bf1ebf15d5d36238f12050a1ccdfd49ac9e91aeff66825f43dd54
ORIGINAL_294	/Users/kaidongwang/Desktop/tiled_414_viewer/cloud_wf025.ply	1449284	regular	compressed,dataless	0	-	2832	649eacb7ede51c09845946722d3ab9e4be99a9a57c45ea23247667f7d75411fd
ORIGINAL_294	/Users/kaidongwang/Desktop/tiled_414_viewer/cloud_wf040.ply	1270934	regular	compressed,dataless	0	-	2488	d76c729ba3543eb0c88dc9966b39a0f91a8a16f38625d3b22051be78615f4db1
ORIGINAL_294	/Users/kaidongwang/Desktop/tiled_414_viewer/cloud_wf055.ply	1140569	regular	compressed,dataless	0	-	2232	0de9a57e9ab262e29020a46b34b6282108540c9e47e7390cf6f9599ae248d320
ORIGINAL_294	/Users/kaidongwang/Desktop/tiled_414_viewer/cloud_wf070.ply	1079159	regular	compressed,dataless	0	-	2112	101e12bb05016d52051ed30a81e6670765346d0a5b1a8a3da7c6d760186ed7e3
ORIGINAL_294	/Users/kaidongwang/Desktop/tiled_414_viewer/cloud_wide_off.ply	2096025	regular	compressed,dataless	0	-	4096	1282b4b07ccf83275f7033d686008c4afdf9843cc23f909a4cd3fd55ffed13b8
ORIGINAL_294	/Users/kaidongwang/Desktop/tiled_414_viewer/cloud_wide_on.ply	999629	regular	compressed,dataless	0	-	1960	be60b449ec0f0b5759ae8e4c94ee4d4d8fa800633a0da380299dddf9a5169b6b
ORIGINAL_294	/Users/kaidongwang/Desktop/tiled_414_viewer/mvs_res15blend.ply	600179	regular	compressed,dataless	0	-	1176	4b4cca0bea2a6c0a76dc08870b763345d83e1adcde7e76a79a10e13de1859850
ORIGINAL_294	/Users/kaidongwang/Desktop/tiled_414_viewer/mvs_res2blend.ply	289529	regular	compressed,dataless	0	-	568	f61b33454330a3f7e81a6da820bb67d6325ba162db239166037907848f3aa275
ORIGINAL_294	/Users/kaidongwang/Desktop/tiled_414_viewer/sigma_10.ply	253469	regular	compressed,dataless	0	-	496	87ec4657944dfe3722b4a6779a9f0b3599793744696f8323ebd46c286aef14b4
ORIGINAL_294	/Users/kaidongwang/Desktop/tiled_414_viewer/sigma_15.ply	367004	regular	compressed,dataless	0	-	720	8327891acdb18952a784d82cdd7b15167f057e17013b93784d06f7046db823df
ORIGINAL_294	/Users/kaidongwang/Desktop/tiled_414_viewer/sigma_20.ply	446249	regular	compressed,dataless	0	-	872	39614ddf59666b36f212a45de56adaadb6770475518a5565e07db01a586f8903
ORIGINAL_294	/Users/kaidongwang/Desktop/tiled_414_viewer/sigma_device.ply	940610	regular	compressed,dataless	0	-	1840	658a566e0e38093366b1d20650b3c95cc632c327e54ce4d8d84c41075f99b7ce
ORIGINAL_294	/Users/kaidongwang/Desktop/tiled_414_viewer/sigma_none.ply	720269	regular	compressed,dataless	0	-	1408	db83f84c935a5dae93da43508ae32a70f5b18fb74df030ebb91d945f062580a8
ORIGINAL_294	/Users/kaidongwang/Desktop/expF2_easy_clouds_2026_06_12/consistency/raw_vs_filtered_slab.png	117925	regular	compressed,dataless	0	-	232	18f1a2b18d0c0fca0c8d948fccc3c03b7fefe022b24a7891db50e6db3412311b
ORIGINAL_294	/Users/kaidongwang/Desktop/expF2_easy_clouds_2026_06_12/metric_vs_window_slab.png	183858	regular	compressed,dataless	0	-	360	34de3c06db5063ab1ba57cc480ea2304cd3b7c3cb1bcad77e1dd7d5dea5b2c4d
ORIGINAL_294	/Users/kaidongwang/Desktop/expF2_easy_clouds_2026_06_12/poisson/mesh_fusecut_aligned_web.ply	1299252	regular	compressed,dataless	0	-	2544	1a267a90efe46ebf591187ea5c0efe746eb4eb2082e36a53332b5c18a00602f6
ORIGINAL_294	/Users/kaidongwang/Desktop/expF2_easy_clouds_2026_06_12/poisson/render_new12_a0.png	491490	regular	compressed,dataless	0	-	960	361a9336cfa9062d337050dab11a19227fa454965b45dc96863e722bbd610b2b
ORIGINAL_294	/Users/kaidongwang/Desktop/expF2_easy_clouds_2026_06_12/poisson/render_new12_a1.png	6486	regular	compressed,dataless	0	-	16	437ab3884dec29e91d8de01959ac8f3e4ac5303822b28b340cef8a6c32b44ed4
ORIGINAL_294	/Users/kaidongwang/Desktop/expF2_easy_clouds_2026_06_12/poisson/render_new12_a2.png	6486	regular	compressed,dataless	0	-	16	437ab3884dec29e91d8de01959ac8f3e4ac5303822b28b340cef8a6c32b44ed4
ORIGINAL_294	/Users/kaidongwang/Desktop/expF2_easy_clouds_2026_06_12/poisson/render_old11_a0.png	518115	regular	compressed,dataless	0	-	1016	33cf509fc915c590c7f73174764db7b172986aed7a198e07ce24a28195ca043a
ORIGINAL_294	/Users/kaidongwang/Desktop/expF2_easy_clouds_2026_06_12/poisson/render_old11_a1.png	6486	regular	compressed,dataless	0	-	16	437ab3884dec29e91d8de01959ac8f3e4ac5303822b28b340cef8a6c32b44ed4
ORIGINAL_294	/Users/kaidongwang/Desktop/expF2_easy_clouds_2026_06_12/poisson/render_old11_a2.png	6486	regular	compressed,dataless	0	-	16	437ab3884dec29e91d8de01959ac8f3e4ac5303822b28b340cef8a6c32b44ed4
ORIGINAL_294	/Users/kaidongwang/Desktop/expF2_easy_clouds_2026_06_12/poisson/render_union_a0.png	585959	regular	compressed,dataless	0	-	1152	5f1af7b5ac02c5f7370f4c0bf4ff65b272a068625d92db1fef5962a1c98b0dfb
ORIGINAL_294	/Users/kaidongwang/Desktop/expF2_easy_clouds_2026_06_12/poisson/render_union_a1.png	6486	regular	compressed,dataless	0	-	16	437ab3884dec29e91d8de01959ac8f3e4ac5303822b28b340cef8a6c32b44ed4
ORIGINAL_294	/Users/kaidongwang/Desktop/expF2_easy_clouds_2026_06_12/poisson/render_union_a2.png	6486	regular	compressed,dataless	0	-	16	437ab3884dec29e91d8de01959ac8f3e4ac5303822b28b340cef8a6c32b44ed4
ORIGINAL_294	/Users/kaidongwang/Desktop/expF2_easy_clouds_2026_06_12/poisson/sfm_colmap.ply	3627630	regular	compressed,dataless	0	-	7088	e762b1eb66a5701aaa6e8e686dbfaee3bda905f21c79d63d8c99dc6639dc0e8c
ORIGINAL_294	/Users/kaidongwang/Desktop/expF2_easy_clouds_2026_06_12/poisson/sfm_colmap_ba.ply	3627630	regular	compressed,dataless	0	-	7088	9fc4eecdfa8ce3ecc7a6983e58c5821a3cac2129ca59d56e8e6ea4fea8a3d8cf
ORIGINAL_294	/Users/kaidongwang/Desktop/expF2_easy_clouds_2026_06_12/poisson/sfm_glomap_v8.ply	2389654	regular	compressed,dataless	0	-	4672	b5909b6a1ddb98cbf9893aead6e15e561e2f2ac564d5ee1c3a59536fcd0d629b
ORIGINAL_294	/Users/kaidongwang/Desktop/expF2_easy_clouds_2026_06_12/poisson/sfm_v8_clip.ply	2328661	regular	compressed,dataless	0	-	4552	2c0b330119eb69789da5a5a2b4443382a4425c7264d78f6202b345391272cea7
ORIGINAL_294	/Users/kaidongwang/Desktop/expF2_easy_clouds_2026_06_12/poisson/sfm_v8full_clip.ply	2328661	regular	compressed,dataless	0	-	4552	2c0b330119eb69789da5a5a2b4443382a4425c7264d78f6202b345391272cea7
ORIGINAL_294	/Users/kaidongwang/Desktop/expF2_easy_clouds_2026_06_12/poisson/sfm_v8opt_clip.ply	2328661	regular	compressed,dataless	0	-	4552	2c0b330119eb69789da5a5a2b4443382a4425c7264d78f6202b345391272cea7
ORIGINAL_294	/Users/kaidongwang/Desktop/expF2_easy_clouds_2026_06_12/potree_lib/build/potree/LICENSE	1571	regular	compressed,dataless	0	-	8	e90db66e74cd5888d5bd8e254929f74835997f336d25372fcb824a7be53baf20
ORIGINAL_294	/Users/kaidongwang/Desktop/expF2_easy_clouds_2026_06_12/potree_lib/build/potree/lazylibs/geopackage/LICENSE	1107	regular	compressed,dataless	0	-	8	516dbe0f3b43d3e1fb37877aac1942e60a3a0ae0ad52b73b689f409647cda98d
ORIGINAL_294	/Users/kaidongwang/Desktop/expF2_easy_clouds_2026_06_12/potree_lib/build/potree/lazylibs/sql.js/AUTHORS	111	regular	compressed,dataless	0	-	8	120d2079d323daafadbd78f1f994583a8fe57efa1d9d7d910eb5a17b46763124
ORIGINAL_294	/Users/kaidongwang/Desktop/expF2_easy_clouds_2026_06_12/potree_lib/build/potree/lazylibs/sql.js/LICENSE	2199	regular	compressed,dataless	0	-	8	60a3f6e4d7b29b4321359e683b36cf198d24f58e24582070f56e6fa89d5ee2be
ORIGINAL_294	/Users/kaidongwang/Desktop/expF2_easy_clouds_2026_06_12/potree_lib/build/potree/lazylibs/sql.js/sql-wasm.wasm	1450157	regular	compressed,dataless	0	-	2840	cfda8a42f05eca2c5c8570521dec6a505b095c7622b6d3e32faea1b1b7adca23
ORIGINAL_294	/Users/kaidongwang/Desktop/expF2_easy_clouds_2026_06_12/potree_lib/build/potree/potree.css	12753	regular	compressed,dataless	0	-	32	f57f56492ad55f55e6e7fa4e1481dd2eceb3a4fce3c53c1773e5784a11686a98
ORIGINAL_294	/Users/kaidongwang/Desktop/expF2_easy_clouds_2026_06_12/potree_lib/build/potree/resources/LICENSE	523	regular	compressed,dataless	0	-	8	b0ac74fbdbae692ed9c5532984ef9961c4a35fbc771030a47728ed13a9051889
ORIGINAL_294	/Users/kaidongwang/Desktop/expF2_easy_clouds_2026_06_12/potree_lib/build/potree/resources/icons/add.svg	2667	regular	compressed,dataless	0	-	8	92ee373b0d690bd3b2e27111186b516f40acd9afaa0488aa8c9e1b1c49157e8f
ORIGINAL_294	/Users/kaidongwang/Desktop/expF2_easy_clouds_2026_06_12/potree_lib/build/potree/resources/icons/angle.png	602	regular	compressed,dataless	0	-	8	7c1d001a226a9d7f3ed1c3a2b4d34ff526dc1e1499a7956778735c218191febd
ORIGINAL_294	/Users/kaidongwang/Desktop/expF2_easy_clouds_2026_06_12/potree_lib/build/potree/resources/icons/annotation.svg	4818	regular	compressed,dataless	0	-	16	3e665a1b9c04262e9da1fc2e9cdfac8406213875f9571d57d7cdd21ff493f3dd
ORIGINAL_294	/Users/kaidongwang/Desktop/expF2_easy_clouds_2026_06_12/potree_lib/build/potree/resources/icons/area.svg	3315	regular	compressed,dataless	0	-	8	ff6a8a27632be19b846b7566d0cb388dc59b803e226ddf6ea62a52326a90027a
ORIGINAL_294	/Users/kaidongwang/Desktop/expF2_easy_clouds_2026_06_12/potree_lib/build/potree/resources/icons/area_backup.svg	4329	regular	compressed,dataless	0	-	16	cbae3f0308b23ef48bd87b3a251c9b191b8af45c375cb524ffbbf65db75b8c80
ORIGINAL_294	/Users/kaidongwang/Desktop/expF2_easy_clouds_2026_06_12/potree_lib/build/potree/resources/icons/arrow_ccw.svg	4838	regular	compressed,dataless	0	-	16	90b41066baab08c116516b44bc26f0b0654074d5191673692538aef0b76b6ea9
ORIGINAL_294	/Users/kaidongwang/Desktop/expF2_easy_clouds_2026_06_12/potree_lib/build/potree/resources/icons/arrow_cw.svg	4838	regular	compressed,dataless	0	-	16	bd8d4c95338a3c70d951559479fcabbae2429bfb8c2356d75346b66e20adab05
ORIGINAL_294	/Users/kaidongwang/Desktop/expF2_easy_clouds_2026_06_12/potree_lib/build/potree/resources/icons/arrow_down.svg	4594	regular	compressed,dataless	0	-	16	fdfb755c9f04108050d868bf67ddff128bd68e2eeac1f9e4fc978e66ea84843d
ORIGINAL_294	/Users/kaidongwang/Desktop/expF2_easy_clouds_2026_06_12/potree_lib/build/potree/resources/icons/arrow_left.svg	4587	regular	compressed,dataless	0	-	16	7db4efdc20d38ebdfebf9cd8378858c42c6e5fa4c320fb32a6bb53d512957df8
ORIGINAL_294	/Users/kaidongwang/Desktop/expF2_easy_clouds_2026_06_12/potree_lib/build/potree/resources/icons/arrow_right.svg	4592	regular	compressed,dataless	0	-	16	f3f997705b2e79ae2b0f25220b62eaf7c6b6ca9f00731af25f6e9bf7bd4c1310
ORIGINAL_294	/Users/kaidongwang/Desktop/expF2_easy_clouds_2026_06_12/potree_lib/build/potree/resources/icons/arrow_up.svg	4559	regular	compressed,dataless	0	-	16	85cf972c7f21ef6059582607b3fafb3f9a576d6dba914f958a249a885cb82a37
ORIGINAL_294	/Users/kaidongwang/Desktop/expF2_easy_clouds_2026_06_12/potree_lib/build/potree/resources/icons/assign.svg	2671	regular	compressed,dataless	0	-	8	c4f219a9de3b695391ab5247a465e9b65d8f64471b216bdf32c2caa2917e057f
ORIGINAL_294	/Users/kaidongwang/Desktop/expF2_easy_clouds_2026_06_12/potree_lib/build/potree/resources/icons/azimuth.svg	3500	regular	compressed,dataless	0	-	8	9c49821773c3ef4247bc5d4916e8f39d9f1afaebc18401138caeeed6dfde7029
ORIGINAL_294	/Users/kaidongwang/Desktop/expF2_easy_clouds_2026_06_12/potree_lib/build/potree/resources/icons/back.svg	4029	regular	compressed,dataless	0	-	8	7b9b937a629c5c399c0c24c6ea02cdcc57affbc1b37a1c9c9d3e42b912fe9df5
ORIGINAL_294	/Users/kaidongwang/Desktop/expF2_easy_clouds_2026_06_12/potree_lib/build/potree/resources/icons/bottom.svg	4643	regular	compressed,dataless	0	-	16	06133a4827f22ed7f0d97f462c7deae44de6a1fcca649dfeb1bf3ec51964ec71
ORIGINAL_294	/Users/kaidongwang/Desktop/expF2_easy_clouds_2026_06_12/potree_lib/build/potree/resources/icons/camera_animation.svg	9144	regular	compressed,dataless	0	-	24	b23601c97d4705fef7d50cf7c985bbb6ddd44f3c299bf823e9bd8ce89c74d792
ORIGINAL_294	/Users/kaidongwang/Desktop/expF2_easy_clouds_2026_06_12/potree_lib/build/potree/resources/icons/circle.svg	2507	regular	compressed,dataless	0	-	8	63088bbc17c7bd3cac687c4aba8e52d6a36b985e737cb3a38c3e443cb4fcf558
ORIGINAL_294	/Users/kaidongwang/Desktop/expF2_easy_clouds_2026_06_12/potree_lib/build/potree/resources/icons/circled_dot.svg	2677	regular	compressed,dataless	0	-	8	b8d1c1e77f690e59c50fbd543da3026e4dfdceab8f388b0ecfeb8c738e880470
ORIGINAL_294	/Users/kaidongwang/Desktop/expF2_easy_clouds_2026_06_12/potree_lib/build/potree/resources/icons/clip-plane-x.svg	2138	regular	compressed,dataless	0	-	8	b7ff96a38593124fe27930e134141499265507757e2337ff2725519dd7f46fe4
ORIGINAL_294	/Users/kaidongwang/Desktop/expF2_easy_clouds_2026_06_12/potree_lib/build/potree/resources/icons/clip-plane-y.svg	2091	regular	compressed,dataless	0	-	8	4ab5907d2f3559e422577e2ba5876c036866290ca28fc1a9b0d943022c800cf7
ORIGINAL_294	/Users/kaidongwang/Desktop/expF2_easy_clouds_2026_06_12/potree_lib/build/potree/resources/icons/clip-plane-z.svg	2145	regular	compressed,dataless	0	-	8	43dcb987cce4f5374db6deee2a010280039579ad108e0150651223bf4ff9a789
ORIGINAL_294	/Users/kaidongwang/Desktop/expF2_easy_clouds_2026_06_12/potree_lib/build/potree/resources/icons/clip-polygon.svg	3313	regular	compressed,dataless	0	-	8	3e66e106c3baa5108138e8bb8e4ce4ea86c2acb184f4609b289deedfb41dedba
ORIGINAL_294	/Users/kaidongwang/Desktop/expF2_easy_clouds_2026_06_12/potree_lib/build/potree/resources/icons/clip-screen.svg	3075	regular	compressed,dataless	0	-	8	c12f15314bcbe254a05d38a82d88c9f688bb8de5a140b1872840229887bc3096
ORIGINAL_294	/Users/kaidongwang/Desktop/expF2_easy_clouds_2026_06_12/potree_lib/build/potree/resources/icons/clip_volume.svg	4891	regular	compressed,dataless	0	-	16	c98428cb229764e18543db71a9b5ba94eb8d6229b4461b6c5e38a9169748d80e
ORIGINAL_294	/Users/kaidongwang/Desktop/expF2_easy_clouds_2026_06_12/potree_lib/build/potree/resources/icons/close.svg	2178	regular	compressed,dataless	0	-	8	56efdf17f41dcb06fdc374f7da6afaa3defe58493b2188de545d53404791557b
ORIGINAL_294	/Users/kaidongwang/Desktop/expF2_easy_clouds_2026_06_12/potree_lib/build/potree/resources/icons/cloud.svg	2634	regular	compressed,dataless	0	-	8	d08b81af577ed2227969d7141437c3742f53d4bd59971958966fe17f5e7db45e
ORIGINAL_294	/Users/kaidongwang/Desktop/expF2_easy_clouds_2026_06_12/potree_lib/build/potree/resources/icons/copy.svg	3528	regular	compressed,dataless	0	-	8	d7ff6ac832e8137b679d59bbdf640fe19cc0f800482d44e846fd0f97210ce726
ORIGINAL_294	/Users/kaidongwang/Desktop/expF2_easy_clouds_2026_06_12/potree_lib/build/potree/resources/icons/distance.svg	2777	regular	compressed,dataless	0	-	8	c5f3bb7dbf7edeacbb5ee955f2baeb58158b87f1f6f8c2c9aea4aba237bd6c0b
ORIGINAL_294	/Users/kaidongwang/Desktop/expF2_easy_clouds_2026_06_12/potree_lib/build/potree/resources/icons/earth_controls.png	1465	regular	compressed,dataless	0	-	8	172b37dbaf102aa000a1e3717bf9617df2b6d82964ba19eb9b7e8fb0e356f2ba
ORIGINAL_294	/Users/kaidongwang/Desktop/expF2_easy_clouds_2026_06_12/potree_lib/build/potree/resources/icons/earth_controls.svg	6936	regular	compressed,dataless	0	-	16	ca66762af73c50c962c69a492e6546f34d90b27c8335ff3f6adb499afd44133c
ORIGINAL_294	/Users/kaidongwang/Desktop/expF2_easy_clouds_2026_06_12/potree_lib/build/potree/resources/icons/earth_controls_1.png	1928	regular	compressed,dataless	0	-	8	5a7a75d22fb032d3675ca0f2ee0bba6cb54f6855a202d665ea8a5b5ec162e5fd
ORIGINAL_294	/Users/kaidongwang/Desktop/expF2_easy_clouds_2026_06_12/potree_lib/build/potree/resources/icons/eye.svg	2665	regular	compressed,dataless	0	-	8	592cd6ed115c0a38d3e0fecda8be2c34df834d2e3fbdb7fbb31f92c066de6aaa
ORIGINAL_294	/Users/kaidongwang/Desktop/expF2_easy_clouds_2026_06_12/potree_lib/build/potree/resources/icons/eye_2.png	2998	regular	compressed,dataless	0	-	8	350e05d816b7c7b75415402bb04d84fca0b387ca8e1c25546639a1d45c6ff377
ORIGINAL_294	/Users/kaidongwang/Desktop/expF2_easy_clouds_2026_06_12/potree_lib/build/potree/resources/icons/eye_2.svg	5142	regular	compressed,dataless	0	-	16	f01289e1426abb6c8c67c76a19a8cec90e724a05b3d4aac7707bcb38fd62a488
ORIGINAL_294	/Users/kaidongwang/Desktop/expF2_easy_clouds_2026_06_12/potree_lib/build/potree/resources/icons/eye_crossed.svg	3448	regular	compressed,dataless	0	-	8	92d3d624ffa0d98100f839b4ae3160e0605f3eeff56689cad972b2da9ffd1e25
ORIGINAL_294	/Users/kaidongwang/Desktop/expF2_easy_clouds_2026_06_12/potree_lib/build/potree/resources/icons/file_csv_2d.svg	13563	regular	compressed,dataless	0	-	32	e77cfde4ad87b597b6c0ba7b850d559d9b3be623629a8f099e91385a025ee832
ORIGINAL_294	/Users/kaidongwang/Desktop/expF2_easy_clouds_2026_06_12/potree_lib/build/potree/resources/icons/file_dxf.svg	17847	regular	compressed,dataless	0	-	40	7a09cfd5e36464f6cdd04540acc243b14cefddfe0c03a8c7c708de74103ede91
ORIGINAL_294	/Users/kaidongwang/Desktop/expF2_easy_clouds_2026_06_12/potree_lib/build/potree/resources/icons/file_dxf_2d.svg	5043	regular	compressed,dataless	0	-	16	15f6781f48ff68713624b0f397eee77467f17237cd40717f3c55b2c3be06486f
ORIGINAL_294	/Users/kaidongwang/Desktop/expF2_easy_clouds_2026_06_12/potree_lib/build/potree/resources/icons/file_dxf_3d.svg	5558	regular	compressed,dataless	0	-	16	1ee7a0d50b47805d75ec3054cdc6ef25b7caa646eff8b7cf8e1547c27b733a41
ORIGINAL_294	/Users/kaidongwang/Desktop/expF2_easy_clouds_2026_06_12/potree_lib/build/potree/resources/icons/file_geojson.svg	20145	regular	compressed,dataless	0	-	40	d08e5a645437438b887e1d108aa6c025bfcab3ffedfe3d0f78f83bf40621b362
ORIGINAL_294	/Users/kaidongwang/Desktop/expF2_easy_clouds_2026_06_12/potree_lib/build/potree/resources/icons/file_las_3d.svg	11818	regular	compressed,dataless	0	-	24	8912e4439422b1dbe4f9e125b823e543bc6e488f7929978d02a3b3e218975295
ORIGINAL_294	/Users/kaidongwang/Desktop/expF2_easy_clouds_2026_06_12/potree_lib/build/potree/resources/icons/file_potree.svg	18187	regular	compressed,dataless	0	-	40	6031c35d171530c73bf1f02dcf73670269808c7f1d2f19fbde3f206ef08eb9cc
ORIGINAL_294	/Users/kaidongwang/Desktop/expF2_easy_clouds_2026_06_12/potree_lib/build/potree/resources/icons/flip_y_z.png	1026	regular	compressed,dataless	0	-	8	2a87403b29406254c3ad2de6ab57d29fda1e514119b8fecf68ecc1311178d067
ORIGINAL_294	/Users/kaidongwang/Desktop/expF2_easy_clouds_2026_06_12/potree_lib/build/potree/resources/icons/flip_y_z.svg	4247	regular	compressed,dataless	0	-	16	757b98462bc26ed06850fb12a33d68d6108b7c2a41f5033e060f128e1512a46b
ORIGINAL_294	/Users/kaidongwang/Desktop/expF2_easy_clouds_2026_06_12/potree_lib/build/potree/resources/icons/focus.svg	5638	regular	compressed,dataless	0	-	16	3f524992f47813f50d92b94c54726796b06131d5aa85b3f0cdad3a656391a362
ORIGINAL_294	/Users/kaidongwang/Desktop/expF2_easy_clouds_2026_06_12/potree_lib/build/potree/resources/icons/fps_controls.png	859	regular	compressed,dataless	0	-	8	af1f36b450bd577803d3635397ee7710a297f75f0df9c6d3b9d8a10a056a8474
ORIGINAL_294	/Users/kaidongwang/Desktop/expF2_easy_clouds_2026_06_12/potree_lib/build/potree/resources/icons/fps_controls.svg	24223	regular	compressed,dataless	0	-	48	f4920db1f0993fa262d14d68b45b9aa27dfcf266fc2eaa59767eac6f3470cb81
ORIGINAL_294	/Users/kaidongwang/Desktop/expF2_easy_clouds_2026_06_12/potree_lib/build/potree/resources/icons/front.svg	4011	regular	compressed,dataless	0	-	8	bc6ba32f4e95195313eb9e0c0f77077cb3d41c0fe49216889d1fc485ee238388
ORIGINAL_294	/Users/kaidongwang/Desktop/expF2_easy_clouds_2026_06_12/potree_lib/build/potree/resources/icons/goto.svg	5533	regular	compressed,dataless	0	-	16	196c2bd07cd450cc613982aadec5c359591a7c2163e52d600193e7377708ba80
ORIGINAL_294	/Users/kaidongwang/Desktop/expF2_easy_clouds_2026_06_12/potree_lib/build/potree/resources/icons/gradients_grayscale.png	9240	regular	compressed,dataless	0	-	24	79326f5e73710edbdfadf9c01aea859e135b9d6fd80b002f1f12158b13677673
ORIGINAL_294	/Users/kaidongwang/Desktop/expF2_easy_clouds_2026_06_12/potree_lib/build/potree/resources/icons/gradients_plasma.png	14737	regular	compressed,dataless	0	-	32	5d31f14a7347a5170378880854bb8b02bfc630f8f184fe4f81a586472268c8f9
ORIGINAL_294	/Users/kaidongwang/Desktop/expF2_easy_clouds_2026_06_12/potree_lib/build/potree/resources/icons/gradients_rainbow.png	14977	regular	compressed,dataless	0	-	32	9744cb4c1e65b73dd332a050359195c51511644b946243c679d1151f0aac88ec
ORIGINAL_294	/Users/kaidongwang/Desktop/expF2_easy_clouds_2026_06_12/potree_lib/build/potree/resources/icons/gradients_spectral.png	15594	regular	compressed,dataless	0	-	32	0060cc8149e3be78b251a9752e205cbafaa7450daf2ab0694ee4df1654089bb4
ORIGINAL_294	/Users/kaidongwang/Desktop/expF2_easy_clouds_2026_06_12/potree_lib/build/potree/resources/icons/gradients_yellow_green.png	14040	regular	compressed,dataless	0	-	32	17fbb36269e8e01d4f8dc18644f29b554993442d9fa71c8b8333c14d311f0d09
ORIGINAL_294	/Users/kaidongwang/Desktop/expF2_easy_clouds_2026_06_12/potree_lib/build/potree/resources/icons/height.svg	3915	regular	compressed,dataless	0	-	8	5c62d7c78fb98e0b021cc66072dbd2f70f1716ebc538bc67193552072f7a264f
ORIGINAL_294	/Users/kaidongwang/Desktop/expF2_easy_clouds_2026_06_12/potree_lib/build/potree/resources/icons/helicopter_controls.svg	19284	regular	compressed,dataless	0	-	40	b74085c0280ab1dbd32adf6e4ee2b61935b6c3f7073e7b72c73698f1da82270e
ORIGINAL_294	/Users/kaidongwang/Desktop/expF2_easy_clouds_2026_06_12/potree_lib/build/potree/resources/icons/image_preview.php	385	regular	compressed,dataless	0	-	8	f59fac005cece984330b94e59e3d621f64e21ca4b99a00c552e0644c7b795bf2
ORIGINAL_294	/Users/kaidongwang/Desktop/expF2_easy_clouds_2026_06_12/potree_lib/build/potree/resources/icons/left.svg	4258	regular	compressed,dataless	0	-	16	223c641156feb2d2e93348d7b080d43797fdaa4dd43df90bab504276fcef3eac
ORIGINAL_294	/Users/kaidongwang/Desktop/expF2_easy_clouds_2026_06_12/potree_lib/build/potree/resources/icons/map_icon.png	7937	regular	compressed,dataless	0	-	16	f2ac9371da3036dccd47d53f0ccbca6eadcbdc5c2d5bb6d67360938dac6df0e9
ORIGINAL_294	/Users/kaidongwang/Desktop/expF2_easy_clouds_2026_06_12/potree_lib/build/potree/resources/icons/matcap/basic_1.jpg	3801	regular	compressed,dataless	0	-	8	04be29b632554352227c8dc06d3730f27f70215009f4a6312627f6e3a915d725
ORIGINAL_294	/Users/kaidongwang/Desktop/expF2_easy_clouds_2026_06_12/potree_lib/build/potree/resources/icons/matcap/basic_2.jpg	4358	regular	compressed,dataless	0	-	16	cf14025f5f06ca684f470924cf54615fcc1d9cf85aaaca63db1e5fadc7668a3d
ORIGINAL_294	/Users/kaidongwang/Desktop/expF2_easy_clouds_2026_06_12/potree_lib/build/potree/resources/icons/matcap/basic_dark.jpg	3402	regular	compressed,dataless	0	-	8	3bd9b92cf998fdf443784272ca4ff0b80ce2866d6b595f5616f7d8959dc9fed4
ORIGINAL_294	/Users/kaidongwang/Desktop/expF2_easy_clouds_2026_06_12/potree_lib/build/potree/resources/icons/matcap/basic_side.jpg	4487	regular	compressed,dataless	0	-	16	c9542850838fd642c85c5cd9f93c1f43a71191bacdf5e6b70d243c58ac15f6f3
ORIGINAL_294	/Users/kaidongwang/Desktop/expF2_easy_clouds_2026_06_12/potree_lib/build/potree/resources/icons/matcap/ceramic_dark.jpg	3882	regular	compressed,dataless	0	-	8	db0d872293b295ef3831f92dab14ad20bf47e533ce94e8801e14fc2934e55127
ORIGINAL_294	/Users/kaidongwang/Desktop/expF2_easy_clouds_2026_06_12/potree_lib/build/potree/resources/icons/matcap/ceramic_lightbulb.jpg	4291	regular	compressed,dataless	0	-	16	24150feca50c02ead54830a2d0dda5543506b43268621ec9f18a4c73dee17e92
ORIGINAL_294	/Users/kaidongwang/Desktop/expF2_easy_clouds_2026_06_12/potree_lib/build/potree/resources/icons/matcap/check_normal+y.jpg	4924	regular	compressed,dataless	0	-	16	47550c34333a4701219226520cda5f39d65b05a9a62698c4bfb5519de3e72b70
ORIGINAL_294	/Users/kaidongwang/Desktop/expF2_easy_clouds_2026_06_12/potree_lib/build/potree/resources/icons/matcap/check_rim_dark.jpg	4397	regular	compressed,dataless	0	-	16	b74cb47b2565df11d12e2c092f78bcdce8c9794e87848d52b688e87c470d5fc0
ORIGINAL_294	/Users/kaidongwang/Desktop/expF2_easy_clouds_2026_06_12/potree_lib/build/potree/resources/icons/matcap/check_rim_light.jpg	5340	regular	compressed,dataless	0	-	16	ed45506af0c92fe6f59fb6fd0a4f3d7a062c48fd44b088d60748342838f4a6e2
ORIGINAL_294	/Users/kaidongwang/Desktop/expF2_easy_clouds_2026_06_12/potree_lib/build/potree/resources/icons/matcap/clay_brown.jpg	3602	regular	compressed,dataless	0	-	8	6873076cbd17939c1e46e1273e72db2e3e56e73269573af1cefd660322e80969
ORIGINAL_294	/Users/kaidongwang/Desktop/expF2_easy_clouds_2026_06_12/potree_lib/build/potree/resources/icons/matcap/clay_muddy.jpg	3391	regular	compressed,dataless	0	-	8	eb0b5384df07b3a2ef477f973b615a4a765b51bc218d75b90891ea5892b2aeb8
ORIGINAL_294	/Users/kaidongwang/Desktop/expF2_easy_clouds_2026_06_12/potree_lib/build/potree/resources/icons/matcap/clay_studio.jpg	3652	regular	compressed,dataless	0	-	8	132b84c1081d74dabf8d2f9bfabec721fa057e4d5901bf656402f10b87e22284
ORIGINAL_294	/Users/kaidongwang/Desktop/expF2_easy_clouds_2026_06_12/potree_lib/build/potree/resources/icons/matcap/contours_1.jpg	6018	regular	compressed,dataless	0	-	16	928e1f47b64acc614a9d2cc833e4a6cebd438cc4cdf888e0c2aa70271e7d3bd8
ORIGINAL_294	/Users/kaidongwang/Desktop/expF2_easy_clouds_2026_06_12/potree_lib/build/potree/resources/icons/matcap/contours_2.jpg	6302	regular	compressed,dataless	0	-	16	29888ebdf079e24736eea549248cd1d560d9a09e98b7c5761b2c758cc7895c97
ORIGINAL_294	/Users/kaidongwang/Desktop/expF2_easy_clouds_2026_06_12/potree_lib/build/potree/resources/icons/matcap/contours_3.jpg	5284	regular	compressed,dataless	0	-	16	99d5e8b33687a5fce79734d15d017d41ee5a98a93cac4b2d66c438ad04f930fb
ORIGINAL_294	/Users/kaidongwang/Desktop/expF2_easy_clouds_2026_06_12/potree_lib/build/potree/resources/icons/matcap/jade.jpg	3381	regular	compressed,dataless	0	-	8	75876fa91abfce288a6cc73f35ae51f9e194be567c9addf6085b1f3625a71abd
ORIGINAL_294	/Users/kaidongwang/Desktop/expF2_easy_clouds_2026_06_12/potree_lib/build/potree/resources/icons/matcap/matcap.jpg	4937	regular	compressed,dataless	0	-	16	003b7d78f002cb2cd5067741088bc08955968c4eae917e6863d6e32b1c75c354
ORIGINAL_294	/Users/kaidongwang/Desktop/expF2_easy_clouds_2026_06_12/potree_lib/build/potree/resources/icons/matcap/metal_anisotropic.jpg	7456	regular	compressed,dataless	0	-	16	236c07ef727827a69295c8d00ecd21549d15078f5b3c9ae101a366df4548510d
ORIGINAL_294	/Users/kaidongwang/Desktop/expF2_easy_clouds_2026_06_12/potree_lib/build/potree/resources/icons/matcap/metal_carpaint.jpg	4637	regular	compressed,dataless	0	-	16	91113fec0332df7cffa7b1c072ac616261d3d8836615feeb0203a5e3e1253b78
ORIGINAL_294	/Users/kaidongwang/Desktop/expF2_easy_clouds_2026_06_12/potree_lib/build/potree/resources/icons/matcap/metal_lead.jpg	3251	regular	compressed,dataless	0	-	8	aac874a95398f93f06fd265801a36985c7b3c7010b50aa69ad84af5a47a5408a
ORIGINAL_294	/Users/kaidongwang/Desktop/expF2_easy_clouds_2026_06_12/potree_lib/build/potree/resources/icons/matcap/metal_shiny.jpg	6476	regular	compressed,dataless	0	-	16	803529c679e6957b8a66628ec7e2f813f0d1368b245f696a8d2c74cf9ba3260c
ORIGINAL_294	/Users/kaidongwang/Desktop/expF2_easy_clouds_2026_06_12/potree_lib/build/potree/resources/icons/matcap/pearl.jpg	4929	regular	compressed,dataless	0	-	16	35543ee1a60df818ef9b76cf8264b573d4a290080105105878aac45a6bb5560a
ORIGINAL_294	/Users/kaidongwang/Desktop/expF2_easy_clouds_2026_06_12/potree_lib/build/potree/resources/icons/matcap/reflection_check_horizontal.jpg	8593	regular	compressed,dataless	0	-	24	ac4de90faa24783f46f9f38d007a4d623faf2661cb043d95a84d41eac7a99ee7
ORIGINAL_294	/Users/kaidongwang/Desktop/expF2_easy_clouds_2026_06_12/potree_lib/build/potree/resources/icons/matcap/reflection_check_vertical.jpg	8371	regular	compressed,dataless	0	-	24	a26c770a76768ec1d5adaf5202e89ae8da8c3ce93a5dc7ecf205bd606a1447b8
ORIGINAL_294	/Users/kaidongwang/Desktop/expF2_easy_clouds_2026_06_12/potree_lib/build/potree/resources/icons/matcap/resin.jpg	4853	regular	compressed,dataless	0	-	16	f89185903ef0fed41a76fee1610b3d702aeb6a082408acc0b0978f55ad397c31
ORIGINAL_294	/Users/kaidongwang/Desktop/expF2_easy_clouds_2026_06_12/potree_lib/build/potree/resources/icons/matcap/skin.jpg	3726	regular	compressed,dataless	0	-	8	67d9233fb2a661096a8ac5881875f56a168c4fd9542cfc894a5a1f23a2624899
ORIGINAL_294	/Users/kaidongwang/Desktop/expF2_easy_clouds_2026_06_12/potree_lib/build/potree/resources/icons/matcap/toon.jpg	6081	regular	compressed,dataless	0	-	16	8a8f1db18041f0a195ef75fb69575f4bef2e786a5f8814c623e8fb6189d2e98e
ORIGINAL_294	/Users/kaidongwang/Desktop/expF2_easy_clouds_2026_06_12/potree_lib/build/potree/resources/icons/menu_button.svg	3910	regular	compressed,dataless	0	-	8	b85a0c2b493f2ec7f09a3041cccd6446ef88a00ed05a2601ee1b392465263e1c
ORIGINAL_294	/Users/kaidongwang/Desktop/expF2_easy_clouds_2026_06_12/potree_lib/build/potree/resources/icons/menu_icon.svg	2217	regular	compressed,dataless	0	-	8	1175cdc7099b066009fe23715fdbcf2abd3f147f5800ca228fd2ffe67855d586
ORIGINAL_294	/Users/kaidongwang/Desktop/expF2_easy_clouds_2026_06_12/potree_lib/build/potree/resources/icons/navigation_cube.svg	4261	regular	compressed,dataless	0	-	16	b23f1d9499b0716a5c4df5b593cdd27ee499f90479ea6ce5059efdeb6e47d84b
ORIGINAL_294	/Users/kaidongwang/Desktop/expF2_easy_clouds_2026_06_12/potree_lib/build/potree/resources/icons/orbit_controls.svg	14248	regular	compressed,dataless	0	-	32	9e1832ce735a0131a84239f0fa8953d34b082fe3416b3d609c2f2528540e4c75
ORIGINAL_294	/Users/kaidongwang/Desktop/expF2_easy_clouds_2026_06_12/potree_lib/build/potree/resources/icons/orthographic-camera.svg	2292	regular	compressed,dataless	0	-	8	5d690bb83bf7a0bb87fb945e245a2032721969e94aace50ebeee2e4bb453b711
ORIGINAL_294	/Users/kaidongwang/Desktop/expF2_easy_clouds_2026_06_12/potree_lib/build/potree/resources/icons/perspective-camera.svg	2578	regular	compressed,dataless	0	-	8	0b7b08fb5c2e75b5a00dfd7a073db7d4be496240cf844a389aa5b305ce0ee8aa
ORIGINAL_294	/Users/kaidongwang/Desktop/expF2_easy_clouds_2026_06_12/potree_lib/build/potree/resources/icons/picture.svg	5261	regular	compressed,dataless	0	-	16	68c6df7f32ce57fcdd14497eef77048e80c6bf3f43bc67a004a7c21744d15be9
ORIGINAL_294	/Users/kaidongwang/Desktop/expF2_easy_clouds_2026_06_12/potree_lib/build/potree/resources/icons/point.svg	2251	regular	compressed,dataless	0	-	8	e15ce94f0ceb1bee16ba92be0f0694f28b110489e842a6da18bfc6a223ec5d16
ORIGINAL_294	/Users/kaidongwang/Desktop/expF2_easy_clouds_2026_06_12/potree_lib/build/potree/resources/icons/profile.png	975	regular	compressed,dataless	0	-	8	bd9db4c5e73df402f42b6a4a9d3a80926185f4591684895085b449db5b62efc3
ORIGINAL_294	/Users/kaidongwang/Desktop/expF2_easy_clouds_2026_06_12/potree_lib/build/potree/resources/icons/profile.svg	4578	regular	compressed,dataless	0	-	16	fd950521871218f871fd3e77d1430dd8c611b97e22ba10fa75c943a5b6391bd7
ORIGINAL_294	/Users/kaidongwang/Desktop/expF2_easy_clouds_2026_06_12/potree_lib/build/potree/resources/icons/remove.svg	7250	regular	compressed,dataless	0	-	16	f091ba03684bf57b20344a199f3635002e3f0d7b95288e8a025f3d72aff98fa6
ORIGINAL_294	/Users/kaidongwang/Desktop/expF2_easy_clouds_2026_06_12/potree_lib/build/potree/resources/icons/reset_tools.svg	7264	regular	compressed,dataless	0	-	16	32adeee8162156a271b6a21695f6b6cd7085aeb505f94adbce2c05114a0923eb
ORIGINAL_294	/Users/kaidongwang/Desktop/expF2_easy_clouds_2026_06_12/potree_lib/build/potree/resources/icons/return_number.svg	5783	regular	compressed,dataless	0	-	16	62624b0c92cf2fae2ed0bbc25efcf54a0942b75c0e529555ea56a9021ee511eb
ORIGINAL_294	/Users/kaidongwang/Desktop/expF2_easy_clouds_2026_06_12/potree_lib/build/potree/resources/icons/rgb.png	2307	regular	compressed,dataless	0	-	8	f22e6378aa33939937e27ec6158130a0a8ef8dea081e59967e45f6d8bd035bca
ORIGINAL_294	/Users/kaidongwang/Desktop/expF2_easy_clouds_2026_06_12/potree_lib/build/potree/resources/icons/rgb.svg	6311	regular	compressed,dataless	0	-	16	93aeaa740341f67f3deb89b33af7d77cfa5bf6bc0c0713bca9c0c5ba7aeb76b6
ORIGINAL_294	/Users/kaidongwang/Desktop/expF2_easy_clouds_2026_06_12/potree_lib/build/potree/resources/icons/rgb_elevation.png	2467	regular	compressed,dataless	0	-	8	575fe8b04f94a2dd7d9ee947411e0f718ab4675869aee8810a3d6af64055bce1
ORIGINAL_294	/Users/kaidongwang/Desktop/expF2_easy_clouds_2026_06_12/potree_lib/build/potree/resources/icons/right.svg	4249	regular	compressed,dataless	0	-	16	93de7ba3b025b2c60958ae9439276793bdc2bbd468e3aec678507f61dfb5f366
ORIGINAL_294	/Users/kaidongwang/Desktop/expF2_easy_clouds_2026_06_12/potree_lib/build/potree/resources/icons/rotate.svg	4641	regular	compressed,dataless	0	-	16	74fc840f361b53c5dc582c78ea7ffda3827299980647997289768567bf9a04aa
ORIGINAL_294	/Users/kaidongwang/Desktop/expF2_easy_clouds_2026_06_12/potree_lib/build/potree/resources/icons/scale.svg	4302	regular	compressed,dataless	0	-	16	bdd677bd522ac86d77641c9bdc13cfc2ab94a2fa021a922e3d863742cec3b9b2
ORIGINAL_294	/Users/kaidongwang/Desktop/expF2_easy_clouds_2026_06_12/potree_lib/build/potree/resources/icons/sphere.png	939	regular	compressed,dataless	0	-	8	0b7865e802540346a7372e0ff7d0e7a5f018f79f84723e63f262c25c8d0832f2
ORIGINAL_294	/Users/kaidongwang/Desktop/expF2_easy_clouds_2026_06_12/potree_lib/build/potree/resources/icons/sphere.svg	3977	regular	compressed,dataless	0	-	8	338fa63426b7ad763a3178474f152c86fbcad9f3c6acef979c3a9f95f1e65173
ORIGINAL_294	/Users/kaidongwang/Desktop/expF2_easy_clouds_2026_06_12/potree_lib/build/potree/resources/icons/sphere_distances.svg	4677	regular	compressed,dataless	0	-	16	dc1427cccbfcdf8db71a0e16b4e053755ca96df2f6d7a9a8812c1d27090a5ee7
ORIGINAL_294	/Users/kaidongwang/Desktop/expF2_easy_clouds_2026_06_12/potree_lib/build/potree/resources/icons/target.svg	4716	regular	compressed,dataless	0	-	16	9f47bf8f0205e7ab94df92ddf77fb79bbd18943c8fea56c5bf0771a26f4ab55e
ORIGINAL_294	/Users/kaidongwang/Desktop/expF2_easy_clouds_2026_06_12/potree_lib/build/potree/resources/icons/top.svg	4249	regular	compressed,dataless	0	-	16	1a84a2b797a6a1a38c3ced7fa0c6224570d3dea6367353d6ec0795dbb3fc03ab
ORIGINAL_294	/Users/kaidongwang/Desktop/expF2_easy_clouds_2026_06_12/potree_lib/build/potree/resources/icons/translate.svg	4382	regular	compressed,dataless	0	-	16	56c5a16192b08919959e7906a55f16c9f13f8a24b9d7bc5ad7a15eec289660cc
ORIGINAL_294	/Users/kaidongwang/Desktop/expF2_easy_clouds_2026_06_12/potree_lib/build/potree/resources/icons/triangle.svg	3889	regular	compressed,dataless	0	-	8	ebcf4d50a94186d2bfd1d3467e056bcb1f851962eac70cbeb1b7abfb82a1d7d4
ORIGINAL_294	/Users/kaidongwang/Desktop/expF2_easy_clouds_2026_06_12/potree_lib/build/potree/resources/icons/volume.svg	5789	regular	compressed,dataless	0	-	16	7af48c8f15fd843f59d407f6e72cff1fdbf88302c6fef429fdc71149b6b94529
ORIGINAL_294	/Users/kaidongwang/Desktop/expF2_easy_clouds_2026_06_12/potree_lib/build/potree/resources/icons/vr_button.svg	3573	regular	compressed,dataless	0	-	8	e1e649e41c6ab1c55a6ccc54ae58fa244d3db6031c6b8d6f52693fde318f6f1b
ORIGINAL_294	/Users/kaidongwang/Desktop/expF2_easy_clouds_2026_06_12/potree_lib/build/potree/resources/images/background.jpg	49807	regular	compressed,dataless	0	-	104	8c2d85c592f1d8a91fedbf618aae32b7352df9669b3993f4bbda685aae645a56
ORIGINAL_294	/Users/kaidongwang/Desktop/expF2_easy_clouds_2026_06_12/potree_lib/build/potree/resources/images/child_indices.svg	17043	regular	compressed,dataless	0	-	40	ee8fa245f0ef6abb1d0100eb8f50fa59e008d90aa80f7cbff7a9b14b3806150e
ORIGINAL_294	/Users/kaidongwang/Desktop/expF2_easy_clouds_2026_06_12/potree_lib/build/potree/resources/images/compas.svg	9112	regular	compressed,dataless	0	-	24	3e5a7ba01c95684d4045b0c4e6fa77cf6e2d89974905f6f870aa392f77734e96
ORIGINAL_294	/Users/kaidongwang/Desktop/expF2_easy_clouds_2026_06_12/potree_lib/build/potree/resources/images/loading.jpg	3211	regular	compressed,dataless	0	-	8	7dc711adb105ee3e1e702394f52e394a79996df1f68b4d17ace317f3dccb4d8c
ORIGINAL_294	/Users/kaidongwang/Desktop/expF2_easy_clouds_2026_06_12/potree_lib/build/potree/resources/images/vr_controller_help.jpg	89138	regular	compressed,dataless	0	-	176	71f34e8ddf9e33a024aa4ef7d77e13f1d01626777aa59c0d976c01b21368e37c
ORIGINAL_294	/Users/kaidongwang/Desktop/expF2_easy_clouds_2026_06_12/potree_lib/build/potree/resources/images/vr_controller_help.svg	578730	regular	compressed,dataless	0	-	1136	4e413ac4eb4bd2729871bea075951fdf715d783542f75c55d8aeddffe3ec33d5
ORIGINAL_294	/Users/kaidongwang/Desktop/expF2_easy_clouds_2026_06_12/potree_lib/build/potree/resources/logo.png	28793	regular	compressed,dataless	0	-	64	1735056a6a2fa4de58dfbd3951c134391c41e0362982a896b5ee10a22e9b8f7a
ORIGINAL_294	/Users/kaidongwang/Desktop/expF2_easy_clouds_2026_06_12/potree_lib/build/potree/resources/logo.svg	3440	regular	compressed,dataless	0	-	8	6dc973fd3bd5544ffd4925281d211987051a771df2ded6149888e938224e08de
ORIGINAL_294	/Users/kaidongwang/Desktop/expF2_easy_clouds_2026_06_12/potree_lib/build/potree/resources/logo_small.png	6718	regular	compressed,dataless	0	-	16	c4c45ff160a02ea0eb031be7ceec3994dcf7de8f16f30d472dd15f2498852278
ORIGINAL_294	/Users/kaidongwang/Desktop/expF2_easy_clouds_2026_06_12/potree_lib/build/potree/resources/models/stanford_bunny_reduced.mtl	317	regular	compressed,dataless	0	-	8	1dd825dfcbcf86d83d0a4bb730f51efadfbd5ea85485df2ff3816b216ca78b17
ORIGINAL_294	/Users/kaidongwang/Desktop/expF2_easy_clouds_2026_06_12/potree_lib/build/potree/resources/models/stanford_bunny_reduced.obj	702625	regular	compressed,dataless	0	-	1376	55334272d0901b6ed5cdd1d6d858322d65aec2ce0b9d7ce23a94eeab2693c00a
ORIGINAL_294	/Users/kaidongwang/Desktop/expF2_easy_clouds_2026_06_12/potree_lib/build/potree/resources/models/stanford_bunny_reduced.ply	132617	regular	compressed,dataless	0	-	264	45f154d3768e6f15402e78863a4957488d491e7911887a605c94a3c18c765daa
ORIGINAL_294	/Users/kaidongwang/Desktop/expF2_easy_clouds_2026_06_12/potree_lib/build/potree/resources/shapefiles/south_sorvilier.dbf	20751	regular	compressed,dataless	0	-	48	e89882706970766df7a5f5ad3a6ef38665b700d832695d7272a213335eec130a
ORIGINAL_294	/Users/kaidongwang/Desktop/expF2_easy_clouds_2026_06_12/potree_lib/build/potree/resources/shapefiles/south_sorvilier.shp	1556	regular	compressed,dataless	0	-	8	e2ff5978f304c759a4a67636e30d0fb2b0afdd2b8d2053f532025fee7296c99f
ORIGINAL_294	/Users/kaidongwang/Desktop/expF2_easy_clouds_2026_06_12/potree_lib/build/potree/resources/textures/LICENSE	436	regular	compressed,dataless	0	-	8	340f049ea6f551f34888d49f0f223e6de299413524ecc9d32d73b8674322f9fb
ORIGINAL_294	/Users/kaidongwang/Desktop/expF2_easy_clouds_2026_06_12/potree_lib/build/potree/resources/textures/brick_pavement.jpg	97095	regular	compressed,dataless	0	-	192	a8db676a4ca077b34a91dee4026aa68e250fe840313f5e483369062d507eeadd
ORIGINAL_294	/Users/kaidongwang/Desktop/expF2_easy_clouds_2026_06_12/potree_lib/build/potree/resources/textures/matcap/basic_1.jpg	12233	regular	compressed,dataless	0	-	24	fe0329845e46c1070ad86f29a41c74dd1f945dc78ec4ef98300fd99a639cd8f6
ORIGINAL_294	/Users/kaidongwang/Desktop/expF2_easy_clouds_2026_06_12/potree_lib/build/potree/resources/textures/matcap/basic_2.jpg	14159	regular	compressed,dataless	0	-	32	54c73f37d7a82e2adbbb9250434ba67697fc260562cd399d0e7813b8be8d70df
ORIGINAL_294	/Users/kaidongwang/Desktop/expF2_easy_clouds_2026_06_12/potree_lib/build/potree/resources/textures/matcap/basic_dark.jpg	11574	regular	compressed,dataless	0	-	24	7f478bafba2c3c00cabf4fd2cadf4682beb2223ebcc4eeb18b379d5336f94074
ORIGINAL_294	/Users/kaidongwang/Desktop/expF2_easy_clouds_2026_06_12/potree_lib/build/potree/resources/textures/matcap/basic_side.jpg	13452	regular	compressed,dataless	0	-	32	ce94855e72d47bbd69561deb324114d4e3c0a120e33f66c3562a3ebc6d6869ef
ORIGINAL_294	/Users/kaidongwang/Desktop/expF2_easy_clouds_2026_06_12/potree_lib/build/potree/resources/textures/matcap/blender_matcap_license.txt	192	regular	compressed,dataless	0	-	8	ea1f57b19b82c282eb3888d4499fa70e0bfa4399c14ef2c32d514cd5a7bd3fdd
ORIGINAL_294	/Users/kaidongwang/Desktop/expF2_easy_clouds_2026_06_12/potree_lib/build/potree/resources/textures/matcap/ceramic_dark.jpg	12223	regular	compressed,dataless	0	-	24	88d6873853df77f4f8382436f726c8fd9dfc49517aa2ea032efccd4e4e142f53
ORIGINAL_294	/Users/kaidongwang/Desktop/expF2_easy_clouds_2026_06_12/potree_lib/build/potree/resources/textures/matcap/ceramic_lightbulb.jpg	14086	regular	compressed,dataless	0	-	32	c58f3a80a514cba36d72c8f768104f26f7c5d02873732d49f801b4700a3f0f71
ORIGINAL_294	/Users/kaidongwang/Desktop/expF2_easy_clouds_2026_06_12/potree_lib/build/potree/resources/textures/matcap/check_normal+y.jpg	16916	regular	compressed,dataless	0	-	40	d7c378c860541fe9aa76fd65b116aa5d0c42363fd1a3760a297214910025b465
ORIGINAL_294	/Users/kaidongwang/Desktop/expF2_easy_clouds_2026_06_12/potree_lib/build/potree/resources/textures/matcap/check_rim_dark.jpg	15349	regular	compressed,dataless	0	-	32	67137888366f3e292178728697151b290b800650325191f7b549f4232d1e9ce6
ORIGINAL_294	/Users/kaidongwang/Desktop/expF2_easy_clouds_2026_06_12/potree_lib/build/potree/resources/textures/matcap/check_rim_light.jpg	18497	regular	compressed,dataless	0	-	40	ec12e625f37b46e5c5ebdc819b4b5b138f80eb0307cac08a22f5f3a9676ad4f3
ORIGINAL_294	/Users/kaidongwang/Desktop/expF2_easy_clouds_2026_06_12/potree_lib/build/potree/resources/textures/matcap/clay_brown.jpg	11703	regular	compressed,dataless	0	-	24	7b610fd7cf93c54ec0d0be41dd4c9fd392ee5d619d0e3d0845133d4ca21ffc54
ORIGINAL_294	/Users/kaidongwang/Desktop/expF2_easy_clouds_2026_06_12/potree_lib/build/potree/resources/textures/matcap/clay_muddy.jpg	11030	regular	compressed,dataless	0	-	24	8e2787ac8dd18098c9a9391159ff0677b691eb13c2653afeb035aa5871273791
ORIGINAL_294	/Users/kaidongwang/Desktop/expF2_easy_clouds_2026_06_12/potree_lib/build/potree/resources/textures/matcap/clay_studio.jpg	12004	regular	compressed,dataless	0	-	24	62fa4eb23ec7313a000223b06fe0fc22960a2a917065dfccfbc71cfc79e7221f
ORIGINAL_294	/Users/kaidongwang/Desktop/expF2_easy_clouds_2026_06_12/potree_lib/build/potree/resources/textures/matcap/contours_1.jpg	8527	regular	compressed,dataless	0	-	24	76388d947ca484535dc6f4b9edd6c3e7400069f9a8c678c5fc3d3b71ce214778
ORIGINAL_294	/Users/kaidongwang/Desktop/expF2_easy_clouds_2026_06_12/potree_lib/build/potree/resources/textures/matcap/contours_2.jpg	7971	regular	compressed,dataless	0	-	16	9e9afd24dc79cbd45ba398140e45bb16712ee39705fc1d5a2f05a179645418d8
ORIGINAL_294	/Users/kaidongwang/Desktop/expF2_easy_clouds_2026_06_12/potree_lib/build/potree/resources/textures/matcap/contours_3.jpg	14207	regular	compressed,dataless	0	-	32	2a2520a6cf53c9de6162ed054d3c986b7d1158b3f1b147f05be8a14b546435e2
ORIGINAL_294	/Users/kaidongwang/Desktop/expF2_easy_clouds_2026_06_12/potree_lib/build/potree/resources/textures/matcap/jade.jpg	11421	regular	compressed,dataless	0	-	24	672ffac7fd41340b66e9bdd0ed4f2b4c1806d7cbdcfbb2e3b7d530b0e0df4547
ORIGINAL_294	/Users/kaidongwang/Desktop/expF2_easy_clouds_2026_06_12/potree_lib/build/potree/resources/textures/matcap/matcap.jpg	7997	regular	compressed,dataless	0	-	16	85ae2f281dac6c840c04ba70a2ce9851dfc9581a9023e48dd3d6307cdfcfe51f
ORIGINAL_294	/Users/kaidongwang/Desktop/expF2_easy_clouds_2026_06_12/potree_lib/build/potree/resources/textures/matcap/metal_anisotropic.jpg	25282	regular	compressed,dataless	0	-	56	cb518e881cd9b414b05a97236c04e1cd9f4a3ff3b408551cbe7668e7c2ebd39b
ORIGINAL_294	/Users/kaidongwang/Desktop/expF2_easy_clouds_2026_06_12/potree_lib/build/potree/resources/textures/matcap/metal_carpaint.jpg	14689	regular	compressed,dataless	0	-	32	44adf0cbff380366c3692d6cf2510c8dae5c92381a59a451b2c5d7ea4110c219
ORIGINAL_294	/Users/kaidongwang/Desktop/expF2_easy_clouds_2026_06_12/potree_lib/build/potree/resources/textures/matcap/metal_lead.jpg	9877	regular	compressed,dataless	0	-	24	0e6a1bfc08fa4e437f6edeb5baea4616fb2329cc59a3128a9f5e3a7734b56272
ORIGINAL_294	/Users/kaidongwang/Desktop/expF2_easy_clouds_2026_06_12/potree_lib/build/potree/resources/textures/matcap/metal_shiny.jpg	22652	regular	compressed,dataless	0	-	48	fbb1b926c9544dfbf45aa40a3ecc87a32c91e82ff892819e832824e47de5fed9
ORIGINAL_294	/Users/kaidongwang/Desktop/expF2_easy_clouds_2026_06_12/potree_lib/build/potree/resources/textures/matcap/pearl.jpg	15568	regular	compressed,dataless	0	-	32	b018ac88fd640d96b03d5417fdb08b181cd149069ea135ca265dfc37a1fdb102
ORIGINAL_294	/Users/kaidongwang/Desktop/expF2_easy_clouds_2026_06_12/potree_lib/build/potree/resources/textures/matcap/reflection_check_horizontal.jpg	43797	regular	compressed,dataless	0	-	88	d1e57d1cabdfeaba4578c6d2e7d705ce4df29ddd03a032f3be0ce660dda65497
ORIGINAL_294	/Users/kaidongwang/Desktop/expF2_easy_clouds_2026_06_12/potree_lib/build/potree/resources/textures/matcap/reflection_check_vertical.jpg	42714	regular	compressed,dataless	0	-	88	d96c92097d08c4c53c70fb925ddda45ea90a6c60a67403ae825064bfebabdae9
ORIGINAL_294	/Users/kaidongwang/Desktop/expF2_easy_clouds_2026_06_12/potree_lib/build/potree/resources/textures/matcap/resin.jpg	15634	regular	compressed,dataless	0	-	32	a13e171b787347fe63eb98d19eca1e7b8d4011436e3bb862ba0a1a5aed85f48d
ORIGINAL_294	/Users/kaidongwang/Desktop/expF2_easy_clouds_2026_06_12/potree_lib/build/potree/resources/textures/matcap/skin.jpg	12473	regular	compressed,dataless	0	-	32	ecef371fc008b2a3fac2b6912e5c0900321b877ab68bc9e36b7c3983b769901c
ORIGINAL_294	/Users/kaidongwang/Desktop/expF2_easy_clouds_2026_06_12/potree_lib/build/potree/resources/textures/matcap/toon.jpg	18205	regular	compressed,dataless	0	-	40	64c746381f0d2e9d8ba96c019403b6a5d4ef16abab6faab9a1d81a329bd9208c
ORIGINAL_294	/Users/kaidongwang/Desktop/expF2_easy_clouds_2026_06_12/potree_lib/build/potree/resources/textures/navigation/B.png	1223	regular	compressed,dataless	0	-	8	2e7b87602ee1ba66bc19ebc11276e6e0f58acc5d48cdf48a298bd8202dc7bd95
ORIGINAL_294	/Users/kaidongwang/Desktop/expF2_easy_clouds_2026_06_12/potree_lib/build/potree/resources/textures/navigation/D.png	1068	regular	compressed,dataless	0	-	8	42ebdb8ff6dc7ff0ad6bc778c59a35c4224a5aee5e4958295a9d1d83b4547b2f
ORIGINAL_294	/Users/kaidongwang/Desktop/expF2_easy_clouds_2026_06_12/potree_lib/build/potree/resources/textures/navigation/F.png	510	regular	compressed,dataless	0	-	8	dee026e64cebe9d9081c74f5b2f17820432444a6c78f2cec7a27e7dca062e537
ORIGINAL_294	/Users/kaidongwang/Desktop/expF2_easy_clouds_2026_06_12/potree_lib/build/potree/resources/textures/navigation/L.png	421	regular	compressed,dataless	0	-	8	d10ae5b77b510e9160ed2f42ad619cef2a4723a48091bfbc5f728ad3837b5e36
ORIGINAL_294	/Users/kaidongwang/Desktop/expF2_easy_clouds_2026_06_12/potree_lib/build/potree/resources/textures/navigation/R.png	1206	regular	compressed,dataless	0	-	8	11959ca8d9c311890b98255298fcf005c04eaf1567aaca357478dc185703eaa6
ORIGINAL_294	/Users/kaidongwang/Desktop/expF2_easy_clouds_2026_06_12/potree_lib/build/potree/resources/textures/navigation/U.png	840	regular	compressed,dataless	0	-	8	cfcf8a4ad7b9e225b10a728f808929f8b8737d2ee0189a53519c284fc05e6004
ORIGINAL_294	/Users/kaidongwang/Desktop/expF2_easy_clouds_2026_06_12/potree_lib/build/potree/resources/textures/rectangle.png	2955	regular	compressed,dataless	0	-	8	fd74c24fb151a08c7a5e8b6b9df0eb2aab48c424cc379c0b87cf2be28a67a187
ORIGINAL_294	/Users/kaidongwang/Desktop/expF2_easy_clouds_2026_06_12/potree_lib/build/potree/resources/textures/skybox/nx.jpg	37734	regular	compressed,dataless	0	-	80	2f0019f07093e9177eb98c454ae2d52906f4aad55a2ec9e47f3d6fcc9ffc2962
ORIGINAL_294	/Users/kaidongwang/Desktop/expF2_easy_clouds_2026_06_12/potree_lib/build/potree/resources/textures/skybox/ny.jpg	6431	regular	compressed,dataless	0	-	16	f7be9ad95797c548cf1f59f2e70ddef6ed39d705e4b8ffc2b2e768a55f57fdde
ORIGINAL_294	/Users/kaidongwang/Desktop/expF2_easy_clouds_2026_06_12/potree_lib/build/potree/resources/textures/skybox/nz.jpg	41673	regular	compressed,dataless	0	-	88	70c7c14bc461ab5cd0abe2d5eb3f6eb9e8abb132f74ae8bafd079595a1c5d3e8
ORIGINAL_294	/Users/kaidongwang/Desktop/expF2_easy_clouds_2026_06_12/potree_lib/build/potree/resources/textures/skybox/px.jpg	40406	regular	compressed,dataless	0	-	80	97ad19207eba29a9099d73b0d1aaac1923cf521d8804e240447eafe25562e4c4
ORIGINAL_294	/Users/kaidongwang/Desktop/expF2_easy_clouds_2026_06_12/potree_lib/build/potree/resources/textures/skybox/py.jpg	77251	regular	compressed,dataless	0	-	152	ca09e59e33abc9d437d2781a4543dfaa5eeed17644a091710f9b1a33055367ef
ORIGINAL_294	/Users/kaidongwang/Desktop/expF2_easy_clouds_2026_06_12/potree_lib/build/potree/resources/textures/skybox/pz.jpg	48380	regular	compressed,dataless	0	-	96	1bf55a579e7eb961e2971ad764284b8769a4ec8e2a3192593a756bd4417b1a75
ORIGINAL_294	/Users/kaidongwang/Desktop/expF2_easy_clouds_2026_06_12/potree_lib/build/potree/resources/textures/skybox/skyboxsun25degtest.txt	41	regular	compressed,dataless	0	-	8	95b67b501ab83d403972a66a6a7c9c58345b63b3e61b9f94e254381cb2a95d54
ORIGINAL_294	/Users/kaidongwang/Desktop/expF2_easy_clouds_2026_06_12/potree_lib/build/potree/resources/textures/skybox2/README.TXT	278	regular	compressed,dataless	0	-	8	7f588e40af5a66d3b3bb45973d59ffc7be829ee7ca2c174e8567d362bcced491
ORIGINAL_294	/Users/kaidongwang/Desktop/expF2_easy_clouds_2026_06_12/potree_lib/build/potree/resources/textures/skybox2/nx.jpg	339776	regular	compressed,dataless	0	-	664	4e5ca9fe0eee066b1f07f57c316acb004b46ff1425a033a7a54d647e10caae22
ORIGINAL_294	/Users/kaidongwang/Desktop/expF2_easy_clouds_2026_06_12/potree_lib/build/potree/resources/textures/skybox2/ny.jpg	6432	regular	compressed,dataless	0	-	16	4714eacea476813dc13bb034eac6c264dde70c8915d4fbab8392751fbebca4a2
ORIGINAL_294	/Users/kaidongwang/Desktop/expF2_easy_clouds_2026_06_12/potree_lib/build/potree/resources/textures/skybox2/nz.jpg	276831	regular	compressed,dataless	0	-	544	34ad32dda8ee5788a94d54047ae92770fceeb4a2f570bee86c12147dc3d9c83e
ORIGINAL_294	/Users/kaidongwang/Desktop/expF2_easy_clouds_2026_06_12/potree_lib/build/potree/resources/textures/skybox2/px.jpg	313642	regular	compressed,dataless	0	-	616	e98ccd2845bca1a06c08f30e598de110529afa49166348951f37f2a18649566c
ORIGINAL_294	/Users/kaidongwang/Desktop/expF2_easy_clouds_2026_06_12/potree_lib/build/potree/resources/textures/skybox2/py.jpg	146821	regular	compressed,dataless	0	-	288	321e356ceb9d3d4421ef4d38ca464a359e36924bd499a520a1a758187b9d84f5
ORIGINAL_294	/Users/kaidongwang/Desktop/expF2_easy_clouds_2026_06_12/potree_lib/build/potree/resources/textures/skybox2/pz.jpg	302881	regular	compressed,dataless	0	-	592	3f5b777ed7739861961ec6e414bca071f14163b211b28f5426dd265572c65aba
ORIGINAL_294	/Users/kaidongwang/Desktop/expF2_easy_clouds_2026_06_12/potree_lib/build/potree/resources/textures/skyboxsun25degtest.txt	41	regular	compressed,dataless	0	-	8	95b67b501ab83d403972a66a6a7c9c58345b63b3e61b9f94e254381cb2a95d54
ORIGINAL_294	/Users/kaidongwang/Desktop/expF2_easy_clouds_2026_06_12/potree_lib/build/potree/workers/laz-perf.wasm	214568	regular	compressed,dataless	0	-	424	b0888b3b852d835131b0aee9ca88a70b4d4858417d8a3a2fa730ad55e183920f
ORIGINAL_294	/Users/kaidongwang/Desktop/expF2_easy_clouds_2026_06_12/potree_lib/libs/d3/LICENSE	1429	regular	compressed,dataless	0	-	8	97ee638845a24aa13e0b5285ba0e2e63696f12045123b1a415fd524dc8cbfe85
ORIGINAL_294	/Users/kaidongwang/Desktop/expF2_easy_clouds_2026_06_12/potree_lib/libs/jquery-ui/AUTHORS.txt	12660	regular	compressed,dataless	0	-	32	5b62e1d666c6a373b0734a175fd535f9315549961a0bbd8abd246bad1a775082
ORIGINAL_294	/Users/kaidongwang/Desktop/expF2_easy_clouds_2026_06_12/potree_lib/libs/jquery-ui/LICENSE.txt	1817	regular	compressed,dataless	0	-	8	de33fb695880d0b07615d4b86f78cd43796906959ade5fdfef70968827a0db78
ORIGINAL_294	/Users/kaidongwang/Desktop/expF2_easy_clouds_2026_06_12/potree_lib/libs/jquery-ui/images/ui-icons_444444_256x240.png	6992	regular	compressed,dataless	0	-	16	97eeaa84e1dc92b7ada0f86c3d690e0a9735730dbcaa3de49e76b829029d5a37
ORIGINAL_294	/Users/kaidongwang/Desktop/expF2_easy_clouds_2026_06_12/potree_lib/libs/jquery-ui/images/ui-icons_555555_256x240.png	6988	regular	compressed,dataless	0	-	16	09b692316e9cb755b3136a2155172e021e2a9c823c77270b7f83b70e3e05ec1f
ORIGINAL_294	/Users/kaidongwang/Desktop/expF2_easy_clouds_2026_06_12/potree_lib/libs/jquery-ui/images/ui-icons_777620_256x240.png	4549	regular	compressed,dataless	0	-	16	71052fdd2f04de2a6eed567c9870b0db0659bf02aabf34ca6bb03ef6cda27070
ORIGINAL_294	/Users/kaidongwang/Desktop/expF2_easy_clouds_2026_06_12/potree_lib/libs/jquery-ui/images/ui-icons_777777_256x240.png	6999	regular	compressed,dataless	0	-	16	0b67a0990906cf46249fd62ffec18fe3a79095e7ed91f2249a35455e9506a8cb
ORIGINAL_294	/Users/kaidongwang/Desktop/expF2_easy_clouds_2026_06_12/potree_lib/libs/jquery-ui/images/ui-icons_cc0000_256x240.png	4549	regular	compressed,dataless	0	-	16	d8cb1553592a85b333d55afa6da527740c026223fcc2d3afa4480070ff2d4e9f
ORIGINAL_294	/Users/kaidongwang/Desktop/expF2_easy_clouds_2026_06_12/potree_lib/libs/jquery-ui/images/ui-icons_ffffff_256x240.png	6299	regular	compressed,dataless	0	-	16	59a9420867e3096c33824a07824c25aef969fef0a17fea763fff45cf16579e48
ORIGINAL_294	/Users/kaidongwang/Desktop/expF2_easy_clouds_2026_06_12/potree_lib/libs/jquery-ui/jquery-ui.css	35997	regular	compressed,dataless	0	-	72	23d07acb2f9614b42e6fcabbe0def66abfcbc6d41cb1eec8681a5fdccec3148d
ORIGINAL_294	/Users/kaidongwang/Desktop/expF2_easy_clouds_2026_06_12/potree_lib/libs/jquery-ui/jquery-ui.min.css	30747	regular	compressed,dataless	0	-	64	8a426f9bd996a3808b579f875a2dab393d37d8b31e547abe221c7cfd5b322aa4
ORIGINAL_294	/Users/kaidongwang/Desktop/expF2_easy_clouds_2026_06_12/potree_lib/libs/jquery-ui/jquery-ui.structure.css	18705	regular	compressed,dataless	0	-	40	be04cb97796cfbb0a9344440f7115313eabc509096f1103b09c1a007dc6e1c0f
ORIGINAL_294	/Users/kaidongwang/Desktop/expF2_easy_clouds_2026_06_12/potree_lib/libs/jquery-ui/jquery-ui.structure.min.css	15548	regular	compressed,dataless	0	-	32	f2c2ef46d11b17eb94aaaf7e55060050c1f94be296d75f1971f4e1692c923e27
ORIGINAL_294	/Users/kaidongwang/Desktop/expF2_easy_clouds_2026_06_12/potree_lib/libs/jquery-ui/jquery-ui.theme.css	17342	regular	compressed,dataless	0	-	40	db8582f439883d75af3cb625e8b04d225fa150bf4dff9c2a8b136539a6f259bc
ORIGINAL_294	/Users/kaidongwang/Desktop/expF2_easy_clouds_2026_06_12/potree_lib/libs/jquery-ui/jquery-ui.theme.min.css	13847	regular	compressed,dataless	0	-	32	a344852a288e7d0cb309b23dd43e5ae78e6a68a3cf768cf37b5583aeaacf68cc
ORIGINAL_294	/Users/kaidongwang/Desktop/expF2_easy_clouds_2026_06_12/potree_lib/libs/jstree/LICENSE-MIT	1079	regular	compressed,dataless	0	-	8	31211520f079a45fbe812303d02e864ce4465359715b7a10cb92852a6f8927a6
ORIGINAL_294	/Users/kaidongwang/Desktop/expF2_easy_clouds_2026_06_12/potree_lib/libs/jstree/themes/mixed/32px.png	1562	regular	compressed,dataless	0	-	8	e61949259b7195f804310c13c92477627ca59176a3229ce637a47d95f8040355
ORIGINAL_294	/Users/kaidongwang/Desktop/expF2_easy_clouds_2026_06_12/potree_lib/libs/jstree/themes/mixed/40px.png	5717	regular	compressed,dataless	0	-	16	98b510ed18b307fa627d270c210adad77aa7313ec27063af10ec228028c3f457
ORIGINAL_294	/Users/kaidongwang/Desktop/expF2_easy_clouds_2026_06_12/potree_lib/libs/jstree/themes/mixed/style.css	31855	regular	compressed,dataless	0	-	64	36fb2bc2bdd8d4e6fab76295935fcf9b73832a3cc3bd8beea7c6374c227b83f5
ORIGINAL_294	/Users/kaidongwang/Desktop/expF2_easy_clouds_2026_06_12/potree_lib/libs/jstree/themes/mixed/style.min.css	27080	regular	compressed,dataless	0	-	56	947be1d507161f3f984141a379f9c64da0d95045f82bdbad28f4f565bcdd6f85
ORIGINAL_294	/Users/kaidongwang/Desktop/expF2_easy_clouds_2026_06_12/potree_lib/libs/jstree/themes/mixed/throbber.gif	1720	regular	compressed,dataless	0	-	8	65a1ae4eadbb1d68f13978ed86c42140b716f6bc7d6efb02cec8792cd81710d8
ORIGINAL_294	/Users/kaidongwang/Desktop/expF2_easy_clouds_2026_06_12/potree_lib/libs/openlayers3/LICENSE	175	regular	compressed,dataless	0	-	8	0f6b196ae28c81a56083ba9e66b5f66ce833c3b105e10ffa69c6e402e32e24ec
ORIGINAL_294	/Users/kaidongwang/Desktop/expF2_easy_clouds_2026_06_12/potree_lib/libs/openlayers3/ol.css	3645	regular	compressed,dataless	0	-	8	bcf9c3740fedb3eec6dd6699de5cd3755275cb9d0cf949fb0eea5af0757a2e72
ORIGINAL_294	/Users/kaidongwang/Desktop/expF2_easy_clouds_2026_06_12/potree_lib/libs/plasio/LICENSE	1099	regular	compressed,dataless	0	-	8	44672a46c7663e2b44611faab5268390f41c5da16d4bcf0a0da5e542d3119e73
ORIGINAL_294	/Users/kaidongwang/Desktop/expF2_easy_clouds_2026_06_12/potree_lib/libs/spectrum/LICENSE	1054	regular	compressed,dataless	0	-	8	d6c217fc60dbb9d06192a768f2bda26ec8dd870dab6bcae1d661f880aed7084f
ORIGINAL_294	/Users/kaidongwang/Desktop/expF2_easy_clouds_2026_06_12/potree_lib/libs/spectrum/spectrum.css	14921	regular	compressed,dataless	0	-	32	d20356ea328630ffa8151db684ae6d975aac65fdb5ad6291e5caa693268bca32
ORIGINAL_294	/Users/kaidongwang/Desktop/expF2_easy_clouds_2026_06_12/potree_lib/libs/tween/LICENSE.txt	1085	regular	compressed,dataless	0	-	8	550bf73ead08a888cf0f48e0945e71e38d5e6609c1b3508ee6f5eee18824fd90
ORIGINAL_294	/Users/kaidongwang/Desktop/expF2_easy_clouds_2026_06_12/potree_lib/libs/tween/README.txt	824	regular	compressed,dataless	0	-	8	0db1b3ac058927c9b8be009ea806ca3b4aed25b6ab5e78797c1ec721800d44dc
ORIGINAL_294	/Users/kaidongwang/Desktop/expF2_easy_clouds_2026_06_12/potree_sfm/dense_v4/hierarchy.bin	297528	regular	compressed,dataless	0	-	584	7fee5396b360f3422634d4da1969918b950a726a3c4cbf475caf3f4bafa05400
ORIGINAL_294	/Users/kaidongwang/Desktop/expF2_easy_clouds_2026_06_12/potree_sfm/dense_v4/log.txt	22241	regular	compressed,dataless	0	-	48	c9a4d8dfe3879bdd99f0e01e6c06425c341de7d8c69d04ce7c1c85b521a3879b
ORIGINAL_294	/Users/kaidongwang/Desktop/expF2_easy_clouds_2026_06_12/potree_sfm/dense_v6/hierarchy.bin	295702	regular	compressed,dataless	0	-	584	4cbd3b36c194c40306fd8f774745468a8350de1041ed2addb2a1336f6d21f9a6
ORIGINAL_294	/Users/kaidongwang/Desktop/expF2_easy_clouds_2026_06_12/potree_sfm/dense_v6/log.txt	27682	regular	compressed,dataless	0	-	56	32c5ff9c200ce080a2b86310af05908bab5bac89dd2bc5f73b48dd4ee980714c
ORIGINAL_294	/Users/kaidongwang/Desktop/expF2_easy_clouds_2026_06_12/potree_sfm/dense_v7/hierarchy.bin	294778	regular	compressed,dataless	0	-	576	e75e0d22e4f0c9f0fab243510dbba436457ffd234fb59c3b22b04b3a92fa349c
ORIGINAL_294	/Users/kaidongwang/Desktop/expF2_easy_clouds_2026_06_12/potree_sfm/dense_v7/log.txt	25075	regular	compressed,dataless	0	-	56	a570cc30b5fc2d8e47578c203523573f6997efceb556463b61d98d44a1418879
ORIGINAL_294	/Users/kaidongwang/Desktop/expF2_easy_clouds_2026_06_12/potree_sfm/sfm_v4/hierarchy.bin	3212	regular	compressed,dataless	0	-	8	486c85f51acae3f129321efe017e0231f1927491f0a593f133b968a03403112b
ORIGINAL_294	/Users/kaidongwang/Desktop/expF2_easy_clouds_2026_06_12/potree_sfm/sfm_v4/log.txt	24976	regular	compressed,dataless	0	-	56	c463a296247f523b9a7bb4fd7a571c1f539e96a4bd130d97485397e39591605d
ORIGINAL_294	/Users/kaidongwang/Desktop/expF2_easy_clouds_2026_06_12/potree_sfm/sfm_v6/hierarchy.bin	5500	regular	compressed,dataless	0	-	16	11adcd3386b76785956faf1ef8788ea16df1a01e8d19da853e2d39d1aca1667d
ORIGINAL_294	/Users/kaidongwang/Desktop/expF2_easy_clouds_2026_06_12/potree_sfm/sfm_v6/log.txt	32420	regular	compressed,dataless	0	-	64	56b844f70b526dc20634eaf8d422826a474cf114e23666083c098ae649523812
ORIGINAL_294	/Users/kaidongwang/Desktop/expF2_easy_clouds_2026_06_12/potree_sfm/sfm_v7/hierarchy.bin	5192	regular	compressed,dataless	0	-	16	24350a68ada314dab7d474e550220dcee0e76217fb588d0a29141f752e6f39ce
ORIGINAL_294	/Users/kaidongwang/Desktop/expF2_easy_clouds_2026_06_12/potree_sfm/sfm_v7/log.txt	29467	regular	compressed,dataless	0	-	64	a6b37291ce22e34fb58c9c446a63ee73f9c0811093574e7c2526a72d5ce8b379
ORIGINAL_294	/Users/kaidongwang/Desktop/expF2_easy_clouds_2026_06_12/scalegrid/faithful_vs_fixB_slab.png	271322	regular	compressed,dataless	0	-	536	44cb25b01db4c0cc94ef24b688f164e7a341a8a018d9bb978e2481baaecb2334
ORIGINAL_294	/Users/kaidongwang/Desktop/expF2_easy_clouds_2026_06_12/scalegrid/fixB_vs_grid_slab.png	319234	regular	compressed,dataless	0	-	624	9e510c1ef1c85c71122637d1ffe2ef0e74dd12f40ca1d4965c8c23d658ab024d
ORIGINAL_294	/Users/kaidongwang/Desktop/expF2_easy_clouds_2026_06_12/tsdf/consensus_tsdf_slab.png	46931	regular	compressed,dataless	0	-	96	5c272a440ff765084c7fa176eac65079e68685a3f4b01e6a91afefdfc0b2a743
ORIGINAL_294	/Users/kaidongwang/Desktop/expF2_easy_clouds_2026_06_12/tsdf/trunc_ladder_slab.png	89099	regular	compressed,dataless	0	-	176	379ff3c66c7b06ce41fabf759b307176cdf13cbbd3a213764de8c73b425cf847
ORIGINAL_294	/Users/kaidongwang/Desktop/expF2_easy_clouds_2026_06_12/tsdf/trunc_ladder_slab_small.png	118570	regular	compressed,dataless	0	-	232	a33d207bed370e2716dc20ce132d732371bb32b427c322d814496486af3d62fc
ORIGINAL_294	/Users/kaidongwang/Desktop/expF2_easy_clouds_2026_06_12/tsdf/tsdf_filtered_vs_raw_slab.png	83720	regular	compressed,dataless	0	-	168	da22e35ad294478d127e7e41293838e6ad84c411d1e585c8da4215f7a680ebea
ORIGINAL_294	/Users/kaidongwang/Desktop/expF2_easy_clouds_2026_06_12/tsdf/tsdf_vs_filtered_slab.png	93356	regular	compressed,dataless	0	-	184	11be464ca1f3da7aeb69b4feba57cee4cd596d27edbdc8ff87d80ffff8007671
ORIGINAL_294	/Users/kaidongwang/Desktop/expF2_easy_clouds_2026_06_12/tsdf/voxel_ladder.png	85705	regular	compressed,dataless	0	-	168	93fc141a5ba2017efebeaf786fb237e67e1de6f8def45bf36e92c6c11ba794ba
ORIGINAL_294	/Users/kaidongwang/Desktop/expF2_easy_clouds_2026_06_12/tsdf/weighted_tsdf_slab.png	107514	regular	compressed,dataless	0	-	216	aa1febcf1a64d2125cc53ba97c8784b6ac897a6c377d4c854f1ce04e479c6557
ORIGINAL_294	/Users/kaidongwang/Desktop/expE_fixB_2026_06_12/render_pre_vs_postB.png	1471783	regular	-	2880	-	2880	eb5958be48fafdfab4564e4fd77d59d3cd87c14e3ba218e170889e3716f824c5
LATER_OFFLOAD_19	/Users/kaidongwang/Desktop/tiled_414_viewer/viewer_ab.html	14919	regular	compressed,dataless	0	-	32	6d97de6d44eeefe3ee8f8fa227c9a98a88540aad2944f02c4c276fa9cf13d7b6
LATER_OFFLOAD_19	/Users/kaidongwang/Desktop/tiled_414_viewer/viewer_sigma.html	7373	regular	compressed,dataless	0	-	16	eb40ff06836acecebee3d6517676fb7474c0f4992ce4375d659bea82cd06cd45
LATER_OFFLOAD_19	/Users/kaidongwang/Desktop/expF2_easy_clouds_2026_06_12/diffmvs_vs_da3_compare.html	5730	regular	compressed,dataless	0	-	16	89b9e267060701a20dc8be7f8beb741d4b5c3e0334e27d5ade78d16135473979
LATER_OFFLOAD_19	/Users/kaidongwang/Desktop/expF2_easy_clouds_2026_06_12/mesh_viewer.html	10975	regular	compressed,dataless	0	-	24	36503e48f978a13e844617bc7fd0eb11137565a576c465489fe261803f045a79
LATER_OFFLOAD_19	/Users/kaidongwang/Desktop/expF2_easy_clouds_2026_06_12/potree_lib/build/potree/lazylibs/geopackage/README.md	9842	regular	compressed,dataless	0	-	24	ee7e1afda6752cad41fb4b2a46a8d34dfe2361c1a3ae8676600c466715ce89e8
LATER_OFFLOAD_19	/Users/kaidongwang/Desktop/expF2_easy_clouds_2026_06_12/potree_lib/build/potree/resources/icons/index.html	19502	regular	compressed,dataless	0	-	40	be005d833b51f149f23660a5fd201c9fef498b1cfec04086b70e6b515e06adce
LATER_OFFLOAD_19	/Users/kaidongwang/Desktop/expF2_easy_clouds_2026_06_12/potree_lib/build/potree/resources/lang/dev/ns.special.json	93	regular	compressed,dataless	0	-	8	e547cf22fcde0a05713ce5dbebf295aff436b67c01cdb8fd0b632dba1c45fc58
LATER_OFFLOAD_19	/Users/kaidongwang/Desktop/expF2_easy_clouds_2026_06_12/potree_lib/build/potree/resources/lang/dev/translation.json	77	regular	compressed,dataless	0	-	8	789ba61311e96604792ad134b3ab33fc0e2cc2fdc74f24f3b54877b7714b3fa4
LATER_OFFLOAD_19	/Users/kaidongwang/Desktop/expF2_easy_clouds_2026_06_12/potree_lib/build/potree/resources/lang/en-US/ns.common.json	99	regular	compressed,dataless	0	-	8	e170a90b99925ffe804b50057622e82f2bc9702ae3cb3970b248600533690490
LATER_OFFLOAD_19	/Users/kaidongwang/Desktop/expF2_easy_clouds_2026_06_12/potree_lib/build/potree/resources/lang/en-US/ns.special.json	101	regular	compressed,dataless	0	-	8	63eb497175850ba76447007e0d3c40e87c66e556c938a3266868cb75185ec6f6
LATER_OFFLOAD_19	/Users/kaidongwang/Desktop/expF2_easy_clouds_2026_06_12/potree_lib/build/potree/resources/lang/en-US/translation.json	85	regular	compressed,dataless	0	-	8	4f01b047523c92479cae92d0e88732c693e3ab2bfe60641a1f99bd0c1711d0b4
LATER_OFFLOAD_19	/Users/kaidongwang/Desktop/expF2_easy_clouds_2026_06_12/potree_lib/build/potree/resources/lang/en/ns.common.json	134	regular	compressed,dataless	0	-	8	0840b84e21d50ca073675943e8d35d98dfbbc27ad9e7e8a6733116f816748021
LATER_OFFLOAD_19	/Users/kaidongwang/Desktop/expF2_easy_clouds_2026_06_12/potree_lib/build/potree/resources/lang/en/translation.json	3200	regular	compressed,dataless	0	-	8	eb60cc70ba5f11f3ac0c419439a1246cbadf43861d3ba5c20893a7085dde54ea
LATER_OFFLOAD_19	/Users/kaidongwang/Desktop/expF2_easy_clouds_2026_06_12/potree_lib/build/potree/resources/lang/fr/translation.json	2032	regular	compressed,dataless	0	-	8	0092565122edee5827e084d74df6495e1f3a5cef9b8a14866ded152013f65751
LATER_OFFLOAD_19	/Users/kaidongwang/Desktop/expF2_easy_clouds_2026_06_12/potree_lib/build/potree/resources/lang/jp/translation.json	2339	regular	compressed,dataless	0	-	8	2ba796c13cb2b720f52af49c8996becfe628b68c9078197c65348c251e0aea37
LATER_OFFLOAD_19	/Users/kaidongwang/Desktop/expF2_easy_clouds_2026_06_12/potree_lib/build/potree/resources/lang/se/translation.json	2879	regular	compressed,dataless	0	-	8	1838c78b06ee3c544366628dde97e5f9e7c589b78f4c3698784ed913ae43b149
LATER_OFFLOAD_19	/Users/kaidongwang/Desktop/expF2_easy_clouds_2026_06_12/potree_lib/build/potree/workers/EptBinaryDecoderWorker.js	6108	regular	compressed,dataless	0	-	16	23d9b4540c1add1783d764180b110326670ce090d7d8909f0179af2518ce63f4
LATER_OFFLOAD_19	/Users/kaidongwang/Desktop/expF2_easy_clouds_2026_06_12/potree_lib/libs/jquery-ui/package.json	1847	regular	compressed,dataless	0	-	8	923116f31318baa452c04139f0aa930cd2e0931ffa60beed6f533dbe530af7cc
LATER_OFFLOAD_19	/Users/kaidongwang/Desktop/expF2_easy_clouds_2026_06_12/potree_sfm/dense_v4/metadata.json	3295	regular	compressed,dataless	0	-	8	622bda201821cf35b1113ac7c70ec395249018cfcc392dc3df7ad735c5818b98
